,year,month,stateid,price,price-units
0,2023,12,HI,0.0,cents per kilowatt-hour
5,2023,12,ID,11.53,cents per kilowatt-hour
6,2023,12,ID,0.0,cents per kilowatt-hour
11,2023,12,IL,14.84,cents per kilowatt-hour
12,2023,12,IL,7.29,cents per kilowatt-hour
17,2023,12,IN,14.58,cents per kilowatt-hour
18,2023,12,IN,11.56,cents per kilowatt-hour
23,2023,12,IA,11.95,cents per kilowatt-hour
24,2023,12,IA,0.0,cents per kilowatt-hour
29,2023,12,KS,12.72,cents per kilowatt-hour
30,2023,12,KS,0.0,cents per kilowatt-hour
35,2023,12,KY,12.34,cents per kilowatt-hour
36,2023,12,KY,0.0,cents per kilowatt-hour
41,2023,12,LA,11.21,cents per kilowatt-hour
42,2023,12,LA,11.22,cents per kilowatt-hour
47,2023,12,ME,27.99,cents per kilowatt-hour
48,2023,12,ME,0.0,cents per kilowatt-hour
53,2023,12,MD,17.46,cents per kilowatt-hour
56,2023,10,WY,12.49,cents per kilowatt-hour
57,2023,10,WY,0.0,cents per kilowatt-hour
62,2023,10,NEW,28.05,cents per kilowatt-hour
63,2023,10,NEW,10.94,cents per kilowatt-hour
68,2023,10,MAT,19.67,cents per kilowatt-hour
69,2023,10,MAT,14.21,cents per kilowatt-hour
74,2023,10,ENC,16.51,cents per kilowatt-hour
75,2023,10,ENC,7.35,cents per kilowatt-hour
80,2023,10,WNC,13.22,cents per kilowatt-hour
81,2023,10,WNC,12.44,cents per kilowatt-hour
86,2023,10,SAT,15.0,cents per kilowatt-hour
87,2023,10,SAT,10.25,cents per kilowatt-hour
92,2023,10,ESC,13.48,cents per kilowatt-hour
93,2023,10,ESC,0.0,cents per kilowatt-hour
98,2023,10,WSC,14.18,cents per kilowatt-hour
99,2023,10,WSC,7.34,cents per kilowatt-hour
106,2023,09,LA,11.42,cents per kilowatt-hour
107,2023,09,LA,10.52,cents per kilowatt-hour
112,2023,09,ME,26.79,cents per kilowatt-hour
113,2023,09,ME,0.0,cents per kilowatt-hour
118,2023,09,MD,16.95,cents per kilowatt-hour
119,2023,09,MD,11.44,cents per kilowatt-hour
124,2023,09,MA,28.18,cents per kilowatt-hour
125,2023,09,MA,6.79,cents per kilowatt-hour
130,2023,09,MI,19.49,cents per kilowatt-hour
131,2023,09,MI,13.71,cents per kilowatt-hour
136,2023,09,MN,15.44,cents per kilowatt-hour
137,2023,09,MN,12.53,cents per kilowatt-hour
142,2023,01,NJ,16.89,cents per kilowatt-hour
143,2023,01,NJ,14.36,cents per kilowatt-hour
144,2023,11,MAT,14.82,cents per kilowatt-hour
149,2023,11,ENC,16.18,cents per kilowatt-hour
150,2023,11,ENC,5.94,cents per kilowatt-hour
155,2023,11,WNC,12.67,cents per kilowatt-hour
156,2023,11,WNC,10.47,cents per kilowatt-hour
161,2023,11,SAT,14.54,cents per kilowatt-hour
162,2023,11,SAT,10.21,cents per kilowatt-hour
167,2023,11,ESC,13.53,cents per kilowatt-hour
168,2023,11,ESC,0.0,cents per kilowatt-hour
173,2023,01,NM,13.27,cents per kilowatt-hour
174,2023,01,NM,0.0,cents per kilowatt-hour
179,2023,01,NY,23.62,cents per kilowatt-hour
180,2023,01,NY,14.75,cents per kilowatt-hour
185,2023,01,NC,12.37,cents per kilowatt-hour
186,2023,01,NC,7.69,cents per kilowatt-hour
194,2023,11,WSC,13.86,cents per kilowatt-hour
195,2023,11,WSC,7.77,cents per kilowatt-hour
200,2023,11,MTN,13.85,cents per kilowatt-hour
201,2023,11,MTN,12.57,cents per kilowatt-hour
206,2023,11,PACC,21.57,cents per kilowatt-hour
207,2023,11,PACC,13.17,cents per kilowatt-hour
212,2023,11,PACN,35.06,cents per kilowatt-hour
213,2023,11,PACN,0.0,cents per kilowatt-hour
218,2023,11,US,16.19,cents per kilowatt-hour
219,2023,11,US,12.6,cents per kilowatt-hour
223,2023,05,AZ,14.3,cents per kilowatt-hour
224,2023,05,AZ,10.45,cents per kilowatt-hour
229,2023,05,AR,12.32,cents per kilowatt-hour
230,2023,05,AR,15.12,cents per kilowatt-hour
235,2023,05,CA,29.82,cents per kilowatt-hour
236,2023,05,CA,13.12,cents per kilowatt-hour
241,2023,05,CO,14.34,cents per kilowatt-hour
242,2023,05,CO,11.3,cents per kilowatt-hour
249,2023,06,ME,27.56,cents per kilowatt-hour
250,2023,06,ME,0.0,cents per kilowatt-hour
255,2023,06,MD,17.0,cents per kilowatt-hour
256,2023,06,MD,11.16,cents per kilowatt-hour
261,2023,06,MA,27.52,cents per kilowatt-hour
262,2023,06,MA,7.28,cents per kilowatt-hour
267,2023,06,MI,19.38,cents per kilowatt-hour
268,2023,06,MI,13.85,cents per kilowatt-hour
273,2023,06,MN,15.68,cents per kilowatt-hour
274,2023,06,MN,13.9,cents per kilowatt-hour
281,2023,05,CT,31.36,cents per kilowatt-hour
282,2023,05,CT,16.12,cents per kilowatt-hour
287,2023,05,DE,16.62,cents per kilowatt-hour
288,2023,05,DE,0.0,cents per kilowatt-hour
293,2023,05,DC,17.09,cents per kilowatt-hour
294,2023,05,DC,10.39,cents per kilowatt-hour
299,2023,05,FL,15.09,cents per kilowatt-hour
300,2023,05,FL,11.49,cents per kilowatt-hour
302,2023,06,MS,13.27,cents per kilowatt-hour
303,2023,06,MS,0.0,cents per kilowatt-hour
308,2023,06,MO,14.1,cents per kilowatt-hour
309,2023,06,MO,9.7,cents per kilowatt-hour
314,2023,06,MT,13.16,cents per kilowatt-hour
315,2023,06,MT,0.0,cents per kilowatt-hour
320,2023,10,MTN,13.86,cents per kilowatt-hour
321,2023,10,MTN,12.92,cents per kilowatt-hour
322,2024,01,IN,14.0,cents per kilowatt-hour
323,2024,01,IN,11.86,cents per kilowatt-hour
328,2024,01,IA,11.85,cents per kilowatt-hour
329,2024,01,IA,0.0,cents per kilowatt-hour
334,2024,01,KS,13.04,cents per kilowatt-hour
335,2024,01,KS,0.0,cents per kilowatt-hour
340,2024,01,KY,12.51,cents per kilowatt-hour
341,2024,01,KY,0.0,cents per kilowatt-hour
346,2024,01,LA,10.82,cents per kilowatt-hour
351,2023,10,PACC,23.84,cents per kilowatt-hour
352,2023,10,PACC,14.42,cents per kilowatt-hour
357,2023,10,PACN,35.18,cents per kilowatt-hour
358,2023,10,PACN,0.0,cents per kilowatt-hour
359,2023,12,MD,11.7,cents per kilowatt-hour
364,2023,12,MA,28.94,cents per kilowatt-hour
365,2023,12,MA,6.94,cents per kilowatt-hour
370,2023,12,MI,18.7,cents per kilowatt-hour
371,2023,12,MI,13.68,cents per kilowatt-hour
376,2023,12,MN,14.09,cents per kilowatt-hour
377,2023,12,MN,10.52,cents per kilowatt-hour
382,2023,12,MS,13.06,cents per kilowatt-hour
383,2023,12,MS,0.0,cents per kilowatt-hour
388,2023,12,MO,11.33,cents per kilowatt-hour
389,2023,12,MO,8.63,cents per kilowatt-hour
395,2023,11,NH,25.58,cents per kilowatt-hour
396,2023,11,NH,0.0,cents per kilowatt-hour
401,2023,11,NJ,17.47,cents per kilowatt-hour
402,2023,11,NJ,11.59,cents per kilowatt-hour
405,2024,01,LA,10.48,cents per kilowatt-hour
409,2023,08,SD,13.07,cents per kilowatt-hour
410,2023,08,SD,0.0,cents per kilowatt-hour
415,2023,08,TN,11.93,cents per kilowatt-hour
416,2023,08,TN,0.0,cents per kilowatt-hour
421,2023,08,TX,14.17,cents per kilowatt-hour
422,2023,08,TX,6.75,cents per kilowatt-hour
427,2023,08,UT,11.67,cents per kilowatt-hour
428,2023,08,UT,12.32,cents per kilowatt-hour
433,2023,08,VT,20.47,cents per kilowatt-hour
434,2023,08,VT,0.0,cents per kilowatt-hour
439,2023,08,VA,13.85,cents per kilowatt-hour
440,2023,08,VA,10.36,cents per kilowatt-hour
445,2023,08,WA,11.14,cents per kilowatt-hour
446,2023,08,WA,10.19,cents per kilowatt-hour
451,2023,08,WV,14.2,cents per kilowatt-hour
452,2023,08,WV,0.0,cents per kilowatt-hour
457,2023,08,WI,17.19,cents per kilowatt-hour
458,2023,08,WI,18.57,cents per kilowatt-hour
463,2023,08,WY,12.45,cents per kilowatt-hour
464,2023,08,WY,0.0,cents per kilowatt-hour
468,2023,02,WSC,13.89,cents per kilowatt-hour
469,2023,02,WSC,7.35,cents per kilowatt-hour
474,2023,02,MTN,13.0,cents per kilowatt-hour
475,2023,02,MTN,12.94,cents per kilowatt-hour
480,2023,02,PACC,19.38,cents per kilowatt-hour
481,2023,02,PACC,11.8,cents per kilowatt-hour
486,2023,02,PACN,34.05,cents per kilowatt-hour
487,2023,02,PACN,0.0,cents per kilowatt-hour
492,2023,02,US,15.98,cents per kilowatt-hour
493,2023,02,US,13.14,cents per kilowatt-hour
498,2023,04,AL,14.54,cents per kilowatt-hour
499,2023,04,AL,0.0,cents per kilowatt-hour
504,2023,04,AK,23.44,cents per kilowatt-hour
505,2023,04,AK,0.0,cents per kilowatt-hour
510,2023,04,AZ,14.12,cents per kilowatt-hour
511,2023,04,AZ,9.28,cents per kilowatt-hour
517,2023,08,ME,25.37,cents per kilowatt-hour
518,2023,08,ME,0.0,cents per kilowatt-hour
523,2023,08,MD,16.39,cents per kilowatt-hour
524,2023,08,MD,11.17,cents per kilowatt-hour
529,2023,08,MA,28.02,cents per kilowatt-hour
530,2023,08,MA,6.75,cents per kilowatt-hour
535,2023,08,MI,19.57,cents per kilowatt-hour
537,2023,01,ND,9.95,cents per kilowatt-hour
538,2023,01,ND,0.0,cents per kilowatt-hour
543,2023,01,OH,14.3,cents per kilowatt-hour
544,2023,01,OH,5.51,cents per kilowatt-hour
550,2023,04,RI,23.54,cents per kilowatt-hour
551,2023,04,RI,16.69,cents per kilowatt-hour
556,2023,04,SC,13.9,cents per kilowatt-hour
557,2023,04,SC,0.0,cents per kilowatt-hour
562,2023,04,SD,11.92,cents per kilowatt-hour
563,2023,04,SD,0.0,cents per kilowatt-hour
568,2023,04,TN,11.86,cents per kilowatt-hour
569,2023,04,TN,0.0,cents per kilowatt-hour
574,2023,04,TX,14.36,cents per kilowatt-hour
575,2023,04,TX,7.14,cents per kilowatt-hour
580,2023,04,UT,10.84,cents per kilowatt-hour
581,2023,04,UT,12.2,cents per kilowatt-hour
586,2023,04,VT,20.75,cents per kilowatt-hour
587,2023,10,OK,13.04,cents per kilowatt-hour
588,2023,10,OK,0.0,cents per kilowatt-hour
593,2023,10,OR,13.29,cents per kilowatt-hour
594,2023,10,OR,11.66,cents per kilowatt-hour
599,2023,10,PA,18.44,cents per kilowatt-hour
600,2023,10,PA,10.83,cents per kilowatt-hour
605,2023,10,RI,30.08,cents per kilowatt-hour
606,2023,10,RI,17.42,cents per kilowatt-hour
611,2023,10,SC,14.0,cents per kilowatt-hour
612,2023,10,SC,0.0,cents per kilowatt-hour
617,2023,10,SD,13.05,cents per kilowatt-hour
618,2023,10,SD,0.0,cents per kilowatt-hour
623,2023,03,PACC,21.13,cents per kilowatt-hour
624,2023,03,PACC,11.63,cents per kilowatt-hour
629,2023,03,PACN,34.25,cents per kilowatt-hour
630,2023,03,PACN,0.0,cents per kilowatt-hour
635,2023,03,US,16.04,cents per kilowatt-hour
636,2023,03,US,12.28,cents per kilowatt-hour
641,2023,12,AL,14.16,cents per kilowatt-hour
642,2023,12,AL,0.0,cents per kilowatt-hour
647,2023,12,AK,24.22,cents per kilowatt-hour
648,2023,12,AK,0.0,cents per kilowatt-hour
652,2023,05,GA,13.96,cents per kilowatt-hour
653,2023,05,GA,5.94,cents per kilowatt-hour
658,2023,05,HI,42.26,cents per kilowatt-hour
659,2023,05,HI,0.0,cents per kilowatt-hour
665,2023,10,TN,12.49,cents per kilowatt-hour
666,2023,10,TN,0.0,cents per kilowatt-hour
671,2023,10,TX,14.89,cents per kilowatt-hour
672,2023,10,TX,7.17,cents per kilowatt-hour
677,2023,10,UT,11.23,cents per kilowatt-hour
678,2023,10,UT,12.32,cents per kilowatt-hour
683,2023,10,VT,22.11,cents per kilowatt-hour
684,2023,10,VT,0.0,cents per kilowatt-hour
689,2023,10,VA,14.16,cents per kilowatt-hour
691,2023,05,ID,10.72,cents per kilowatt-hour
692,2023,05,ID,0.0,cents per kilowatt-hour
697,2023,05,IL,17.86,cents per kilowatt-hour
698,2023,05,IL,7.25,cents per kilowatt-hour
703,2023,05,IN,15.12,cents per kilowatt-hour
704,2023,05,IN,0.0,cents per kilowatt-hour
709,2023,05,IA,14.29,cents per kilowatt-hour
710,2023,05,IA,0.0,cents per kilowatt-hour
715,2023,05,KS,13.86,cents per kilowatt-hour
716,2023,05,KS,0.0,cents per kilowatt-hour
721,2023,05,KY,12.69,cents per kilowatt-hour
722,2023,05,KY,0.0,cents per kilowatt-hour
727,2023,05,LA,11.72,cents per kilowatt-hour
728,2023,05,LA,11.47,cents per kilowatt-hour
733,2023,05,ME,29.19,cents per kilowatt-hour
734,2023,05,ME,0.0,cents per kilowatt-hour
739,2023,05,MD,16.08,cents per kilowatt-hour
740,2023,05,MD,11.33,cents per kilowatt-hour
745,2023,05,MA,29.39,cents per kilowatt-hour
746,2023,05,MA,7.51,cents per kilowatt-hour
751,2023,05,MI,18.7,cents per kilowatt-hour
752,2023,05,MI,14.07,cents per kilowatt-hour
754,2023,08,MI,14.12,cents per kilowatt-hour
759,2023,08,MN,15.61,cents per kilowatt-hour
763,2023,06,AL,14.67,cents per kilowatt-hour
764,2023,06,AL,0.0,cents per kilowatt-hour
769,2023,06,AK,24.79,cents per kilowatt-hour
770,2023,06,AK,0.0,cents per kilowatt-hour
775,2023,06,AZ,14.28,cents per kilowatt-hour
776,2023,06,AZ,11.46,cents per kilowatt-hour
781,2023,06,AR,12.46,cents per kilowatt-hour
782,2023,06,AR,16.8,cents per kilowatt-hour
787,2023,06,CA,31.24,cents per kilowatt-hour
788,2023,06,CA,11.85,cents per kilowatt-hour
793,2023,06,CO,14.63,cents per kilowatt-hour
794,2023,06,CO,14.98,cents per kilowatt-hour
799,2023,06,CT,31.85,cents per kilowatt-hour
800,2023,06,CT,16.63,cents per kilowatt-hour
805,2023,08,MN,13.4,cents per kilowatt-hour
810,2023,08,MS,12.7,cents per kilowatt-hour
811,2023,08,MS,0.0,cents per kilowatt-hour
816,2023,08,MO,14.25,cents per kilowatt-hour
817,2023,08,MO,12.18,cents per kilowatt-hour
822,2023,08,MT,12.93,cents per kilowatt-hour
823,2023,08,MT,0.0,cents per kilowatt-hour
828,2023,08,NE,12.19,cents per kilowatt-hour
829,2023,08,NE,0.0,cents per kilowatt-hour
834,2023,08,NV,16.48,cents per kilowatt-hour
835,2023,08,NV,12.87,cents per kilowatt-hour
840,2023,08,NH,26.13,cents per kilowatt-hour
841,2023,08,NH,0.0,cents per kilowatt-hour
846,2023,08,NJ,18.51,cents per kilowatt-hour
847,2023,08,NJ,12.18,cents per kilowatt-hour
852,2023,08,NM,14.41,cents per kilowatt-hour
853,2023,08,NM,0.0,cents per kilowatt-hour
858,2023,08,NY,22.26,cents per kilowatt-hour
859,2023,08,NY,16.34,cents per kilowatt-hour
864,2023,08,NC,12.7,cents per kilowatt-hour
865,2023,08,NC,9.43,cents per kilowatt-hour
868,2023,06,DE,15.99,cents per kilowatt-hour
869,2023,06,DE,0.0,cents per kilowatt-hour
874,2023,06,DC,16.55,cents per kilowatt-hour
875,2023,06,DC,9.04,cents per kilowatt-hour
880,2023,06,FL,15.23,cents per kilowatt-hour
881,2023,06,FL,11.27,cents per kilowatt-hour
886,2023,06,GA,14.59,cents per kilowatt-hour
887,2023,06,GA,7.57,cents per kilowatt-hour
892,2023,06,HI,41.74,cents per kilowatt-hour
893,2023,06,HI,0.0,cents per kilowatt-hour
898,2023,06,ID,11.71,cents per kilowatt-hour
899,2023,06,ID,0.0,cents per kilowatt-hour
904,2023,06,IL,15.08,cents per kilowatt-hour
905,2023,06,IL,7.14,cents per kilowatt-hour
910,2023,06,IN,14.67,cents per kilowatt-hour
911,2023,06,IN,11.56,cents per kilowatt-hour
916,2023,06,IA,15.11,cents per kilowatt-hour
917,2023,06,IA,0.0,cents per kilowatt-hour
922,2023,06,KS,13.33,cents per kilowatt-hour
923,2023,06,KS,0.0,cents per kilowatt-hour
928,2023,06,KY,12.65,cents per kilowatt-hour
929,2023,06,KY,0.0,cents per kilowatt-hour
934,2023,08,ND,12.55,cents per kilowatt-hour
935,2023,08,ND,0.0,cents per kilowatt-hour
940,2023,08,OH,15.63,cents per kilowatt-hour
941,2023,08,OH,6.34,cents per kilowatt-hour
946,2023,08,OK,13.1,cents per kilowatt-hour
947,2023,08,OK,0.0,cents per kilowatt-hour
952,2023,08,OR,13.02,cents per kilowatt-hour
953,2023,08,OR,11.4,cents per kilowatt-hour
958,2023,08,PA,17.89,cents per kilowatt-hour
959,2023,08,PA,11.02,cents per kilowatt-hour
964,2023,08,RI,25.54,cents per kilowatt-hour
965,2023,08,RI,16.75,cents per kilowatt-hour
970,2023,08,SC,13.41,cents per kilowatt-hour
971,2023,08,SC,0.0,cents per kilowatt-hour
973,2023,10,VA,9.98,cents per kilowatt-hour
978,2023,10,WA,11.33,cents per kilowatt-hour
979,2023,10,WA,10.12,cents per kilowatt-hour
984,2023,10,WV,15.05,cents per kilowatt-hour
985,2023,10,WV,0.0,cents per kilowatt-hour
990,2023,10,WI,17.14,cents per kilowatt-hour
991,2023,10,WI,21.34,cents per kilowatt-hour
996,2023,06,LA,11.25,cents per kilowatt-hour
997,2023,06,LA,11.28,cents per kilowatt-hour
1002,2023,12,AZ,14.42,cents per kilowatt-hour
1003,2023,12,AZ,9.63,cents per kilowatt-hour
1008,2023,12,AR,11.54,cents per kilowatt-hour
1009,2023,12,AR,15.18,cents per kilowatt-hour
1014,2023,12,CA,29.12,cents per kilowatt-hour
1015,2023,12,CA,13.09,cents per kilowatt-hour
1020,2023,12,CO,14.18,cents per kilowatt-hour
1021,2023,12,CO,12.39,cents per kilowatt-hour
1026,2023,12,CT,26.89,cents per kilowatt-hour
1027,2023,12,CT,19.57,cents per kilowatt-hour
1032,2023,12,DE,16.3,cents per kilowatt-hour
1033,2023,12,DE,0.0,cents per kilowatt-hour
1038,2023,12,DC,17.82,cents per kilowatt-hour
1039,2023,12,DC,10.57,cents per kilowatt-hour
1044,2023,12,FL,15.2,cents per kilowatt-hour
1045,2023,12,FL,11.31,cents per kilowatt-hour
1050,2023,12,GA,12.72,cents per kilowatt-hour
1051,2023,12,GA,6.2,cents per kilowatt-hour
1056,2023,12,HI,41.6,cents per kilowatt-hour
1057,2023,03,TX,7.28,cents per kilowatt-hour
1062,2023,03,UT,10.86,cents per kilowatt-hour
1063,2023,03,UT,12.21,cents per kilowatt-hour
1068,2023,03,VT,20.38,cents per kilowatt-hour
1069,2023,03,VT,0.0,cents per kilowatt-hour
1074,2023,03,VA,14.67,cents per kilowatt-hour
1075,2023,03,VA,11.06,cents per kilowatt-hour
1080,2023,03,WA,10.79,cents per kilowatt-hour
1081,2023,03,WA,10.65,cents per kilowatt-hour
1086,2023,03,WV,14.23,cents per kilowatt-hour
1087,2023,03,WV,0.0,cents per kilowatt-hour
1092,2023,03,WI,16.47,cents per kilowatt-hour
1093,2023,03,WI,16.2,cents per kilowatt-hour
1098,2023,03,WY,10.68,cents per kilowatt-hour
1099,2023,03,WY,0.0,cents per kilowatt-hour
1104,2023,03,NEW,31.25,cents per kilowatt-hour
1105,2023,03,NEW,14.92,cents per kilowatt-hour
1110,2023,03,MAT,19.09,cents per kilowatt-hour
1111,2023,03,MAT,13.57,cents per kilowatt-hour
1116,2023,03,ENC,16.45,cents per kilowatt-hour
1117,2023,03,ENC,7.33,cents per kilowatt-hour
1120,2023,10,NE,11.67,cents per kilowatt-hour
1121,2023,10,NE,0.0,cents per kilowatt-hour
1126,2023,10,NV,14.63,cents per kilowatt-hour
1127,2023,10,NV,12.48,cents per kilowatt-hour
1132,2023,10,NH,25.49,cents per kilowatt-hour
1133,2023,10,NH,0.0,cents per kilowatt-hour
1138,2023,10,NJ,17.46,cents per kilowatt-hour
1139,2023,10,NJ,11.2,cents per kilowatt-hour
1144,2023,10,NM,14.12,cents per kilowatt-hour
1145,2023,10,NM,0.0,cents per kilowatt-hour
1150,2023,10,NY,21.99,cents per kilowatt-hour
1151,2023,10,NY,15.26,cents per kilowatt-hour
1156,2023,10,NC,14.4,cents per kilowatt-hour
1157,2023,10,NC,10.14,cents per kilowatt-hour
1162,2023,10,ND,11.71,cents per kilowatt-hour
1163,2023,10,ND,0.0,cents per kilowatt-hour
1170,2023,05,AL,14.55,cents per kilowatt-hour
1171,2023,05,AL,0.0,cents per kilowatt-hour
1176,2023,05,AK,24.91,cents per kilowatt-hour
1177,2023,05,AK,0.0,cents per kilowatt-hour
1181,2023,02,DC,15.7,cents per kilowatt-hour
1182,2023,02,DC,10.47,cents per kilowatt-hour
1187,2023,02,FL,15.82,cents per kilowatt-hour
1188,2023,02,FL,10.35,cents per kilowatt-hour
1193,2023,02,GA,13.53,cents per kilowatt-hour
1198,2023,05,SC,13.98,cents per kilowatt-hour
1199,2023,05,SC,0.0,cents per kilowatt-hour
1204,2023,05,SD,13.18,cents per kilowatt-hour
1205,2023,05,SD,0.0,cents per kilowatt-hour
1214,2023,03,WNC,12.12,cents per kilowatt-hour
1215,2023,03,WNC,10.31,cents per kilowatt-hour
1220,2023,03,SAT,14.2,cents per kilowatt-hour
1221,2023,03,SAT,10.11,cents per kilowatt-hour
1226,2023,03,ESC,13.17,cents per kilowatt-hour
1227,2023,03,ESC,0.0,cents per kilowatt-hour
1232,2023,03,WSC,13.75,cents per kilowatt-hour
1233,2023,03,WSC,7.51,cents per kilowatt-hour
1238,2023,07,MD,16.02,cents per kilowatt-hour
1239,2023,07,MD,11.1,cents per kilowatt-hour
1244,2023,07,MA,27.43,cents per kilowatt-hour
1245,2023,07,MA,6.62,cents per kilowatt-hour
1250,2023,07,MI,19.43,cents per kilowatt-hour
1251,2023,07,MI,14.05,cents per kilowatt-hour
1256,2023,07,MN,15.6,cents per kilowatt-hour
1257,2023,07,MN,13.49,cents per kilowatt-hour
1262,2023,07,MS,12.82,cents per kilowatt-hour
1263,2023,07,MS,0.0,cents per kilowatt-hour
1268,2023,10,OH,15.89,cents per kilowatt-hour
1269,2023,10,OH,6.72,cents per kilowatt-hour
1274,2023,11,WV,14.42,cents per kilowatt-hour
1275,2023,11,WV,0.0,cents per kilowatt-hour
1280,2023,11,WI,16.85,cents per kilowatt-hour
1281,2023,11,WI,15.74,cents per kilowatt-hour
1286,2023,11,WY,11.59,cents per kilowatt-hour
1287,2023,11,WY,0.0,cents per kilowatt-hour
1292,2023,11,NEW,27.47,cents per kilowatt-hour
1293,2023,11,NEW,10.68,cents per kilowatt-hour
1298,2023,11,MAT,19.76,cents per kilowatt-hour
1299,2023,02,GA,5.92,cents per kilowatt-hour
1304,2023,02,HI,44.24,cents per kilowatt-hour
1305,2023,02,HI,0.0,cents per kilowatt-hour
1310,2023,02,ID,10.19,cents per kilowatt-hour
1311,2023,02,ID,0.0,cents per kilowatt-hour
1313,2023,08,WNC,14.21,cents per kilowatt-hour
1314,2023,08,WNC,12.64,cents per kilowatt-hour
1319,2023,08,SAT,14.28,cents per kilowatt-hour
1320,2023,08,SAT,10.53,cents per kilowatt-hour
1325,2023,08,ESC,12.79,cents per kilowatt-hour
1326,2023,08,ESC,0.0,cents per kilowatt-hour
1331,2023,08,WSC,13.56,cents per kilowatt-hour
1332,2023,08,WSC,7.01,cents per kilowatt-hour
1337,2023,08,MTN,13.92,cents per kilowatt-hour
1338,2023,08,MTN,13.11,cents per kilowatt-hour
1343,2023,08,PACC,24.22,cents per kilowatt-hour
1344,2023,08,PACC,13.51,cents per kilowatt-hour
1349,2023,08,PACN,34.22,cents per kilowatt-hour
1350,2023,08,PACN,0.0,cents per kilowatt-hour
1355,2023,08,US,15.91,cents per kilowatt-hour
1358,2023,10,AR,12.73,cents per kilowatt-hour
1359,2023,10,AR,13.2,cents per kilowatt-hour
1364,2023,10,CA,31.78,cents per kilowatt-hour
1365,2023,10,CA,14.92,cents per kilowatt-hour
1371,2023,09,RI,17.44,cents per kilowatt-hour
1376,2023,09,SC,14.04,cents per kilowatt-hour
1377,2023,09,SC,0.0,cents per kilowatt-hour
1382,2023,09,SD,13.24,cents per kilowatt-hour
1383,2023,09,SD,0.0,cents per kilowatt-hour
1388,2023,09,TN,11.78,cents per kilowatt-hour
1389,2023,09,TN,0.0,cents per kilowatt-hour
1394,2023,09,TX,14.68,cents per kilowatt-hour
1395,2023,09,TX,7.49,cents per kilowatt-hour
1400,2023,09,UT,11.85,cents per kilowatt-hour
1401,2023,09,UT,12.33,cents per kilowatt-hour
1406,2023,09,VT,21.21,cents per kilowatt-hour
1407,2023,09,VT,0.0,cents per kilowatt-hour
1412,2023,09,VA,14.69,cents per kilowatt-hour
1413,2023,09,VA,9.02,cents per kilowatt-hour
1418,2023,09,WA,11.38,cents per kilowatt-hour
1423,2023,01,TN,12.04,cents per kilowatt-hour
1424,2023,01,TN,0.0,cents per kilowatt-hour
1429,2023,01,TX,14.36,cents per kilowatt-hour
1430,2023,01,TX,7.09,cents per kilowatt-hour
1435,2023,01,UT,10.65,cents per kilowatt-hour
1436,2023,01,UT,12.41,cents per kilowatt-hour
1441,2023,01,VT,19.96,cents per kilowatt-hour
1442,2023,01,VT,0.0,cents per kilowatt-hour
1447,2023,01,VA,13.96,cents per kilowatt-hour
1448,2023,01,VA,12.21,cents per kilowatt-hour
1453,2023,01,WA,10.49,cents per kilowatt-hour
1454,2023,01,WA,10.06,cents per kilowatt-hour
1459,2023,08,NEW,27.11,cents per kilowatt-hour
1460,2023,08,NEW,13.43,cents per kilowatt-hour
1465,2023,08,MAT,19.74,cents per kilowatt-hour
1466,2023,08,MAT,15.18,cents per kilowatt-hour
1471,2023,08,ENC,15.72,cents per kilowatt-hour
1472,2023,08,ENC,6.79,cents per kilowatt-hour
1479,2023,02,UT,10.79,cents per kilowatt-hour
1480,2023,02,UT,12.41,cents per kilowatt-hour
1485,2023,02,VT,20.28,cents per kilowatt-hour
1486,2023,02,VT,0.0,cents per kilowatt-hour
1491,2023,02,VA,14.32,cents per kilowatt-hour
1492,2023,02,VA,11.32,cents per kilowatt-hour
1495,2023,08,US,13.26,cents per kilowatt-hour
1500,2023,09,AL,14.89,cents per kilowatt-hour
1501,2023,09,AL,0.0,cents per kilowatt-hour
1505,2023,03,DC,16.06,cents per kilowatt-hour
1506,2023,03,DC,10.76,cents per kilowatt-hour
1511,2023,03,FL,14.65,cents per kilowatt-hour
1512,2023,03,FL,11.66,cents per kilowatt-hour
1517,2023,03,GA,13.49,cents per kilowatt-hour
1518,2023,03,GA,6.29,cents per kilowatt-hour
1523,2023,03,HI,44.06,cents per kilowatt-hour
1524,2023,03,HI,0.0,cents per kilowatt-hour
1529,2023,03,ID,10.03,cents per kilowatt-hour
1530,2023,03,ID,0.0,cents per kilowatt-hour
1535,2023,03,IL,17.38,cents per kilowatt-hour
1536,2023,03,IL,6.87,cents per kilowatt-hour
1541,2023,03,IN,16.02,cents per kilowatt-hour
1542,2023,03,IN,13.1,cents per kilowatt-hour
1547,2023,03,IA,11.99,cents per kilowatt-hour
1548,2023,03,IA,0.0,cents per kilowatt-hour
1553,2023,03,KS,13.72,cents per kilowatt-hour
1554,2023,03,KS,0.0,cents per kilowatt-hour
1559,2023,03,KY,12.28,cents per kilowatt-hour
1560,2023,09,WA,10.02,cents per kilowatt-hour
1567,2023,04,AR,12.36,cents per kilowatt-hour
1568,2023,04,AR,15.83,cents per kilowatt-hour
1573,2023,04,CA,29.7,cents per kilowatt-hour
1574,2023,04,CA,11.51,cents per kilowatt-hour
1579,2023,04,CO,13.53,cents per kilowatt-hour
1580,2023,04,CO,12.4,cents per kilowatt-hour
1585,2023,04,CT,34.48,cents per kilowatt-hour
1586,2023,04,CT,17.33,cents per kilowatt-hour
1591,2023,04,DE,15.47,cents per kilowatt-hour
1592,2023,04,DE,0.0,cents per kilowatt-hour
1597,2023,04,DC,15.3,cents per kilowatt-hour
1598,2023,04,DC,9.86,cents per kilowatt-hour
1603,2023,04,FL,15.72,cents per kilowatt-hour
1604,2023,04,FL,12.24,cents per kilowatt-hour
1609,2023,04,GA,13.25,cents per kilowatt-hour
1610,2023,04,GA,5.82,cents per kilowatt-hour
1615,2023,04,HI,43.18,cents per kilowatt-hour
1616,2023,04,HI,0.0,cents per kilowatt-hour
1621,2023,04,ID,10.18,cents per kilowatt-hour
1622,2023,03,KY,0.0,cents per kilowatt-hour
1627,2023,03,LA,11.87,cents per kilowatt-hour
1628,2023,03,LA,11.09,cents per kilowatt-hour
1633,2023,03,ME,29.37,cents per kilowatt-hour
1634,2023,03,ME,0.0,cents per kilowatt-hour
1639,2023,03,MD,15.85,cents per kilowatt-hour
1640,2023,03,MD,10.36,cents per kilowatt-hour
1645,2023,03,MA,32.72,cents per kilowatt-hour
1646,2023,03,MA,7.27,cents per kilowatt-hour
1651,2023,03,MI,18.23,cents per kilowatt-hour
1652,2023,03,MI,13.64,cents per kilowatt-hour
1657,2023,03,MN,13.94,cents per kilowatt-hour
1658,2023,03,MN,12.48,cents per kilowatt-hour
1663,2023,03,MS,13.8,cents per kilowatt-hour
1664,2023,03,MS,0.0,cents per kilowatt-hour
1669,2023,03,MO,11.46,cents per kilowatt-hour
1670,2023,03,MO,8.22,cents per kilowatt-hour
1675,2023,03,MT,12.13,cents per kilowatt-hour
1676,2023,03,MT,0.0,cents per kilowatt-hour
1680,2023,05,NY,20.47,cents per kilowatt-hour
1681,2023,05,NY,15.18,cents per kilowatt-hour
1686,2023,06,NE,11.98,cents per kilowatt-hour
1687,2023,06,NE,0.0,cents per kilowatt-hour
1692,2023,06,NV,17.38,cents per kilowatt-hour
1693,2023,06,NV,13.16,cents per kilowatt-hour
1698,2023,06,NH,29.53,cents per kilowatt-hour
1699,2023,06,NH,0.0,cents per kilowatt-hour
1704,2023,06,NJ,18.19,cents per kilowatt-hour
1705,2023,06,NJ,12.33,cents per kilowatt-hour
1710,2023,06,NM,13.58,cents per kilowatt-hour
1711,2023,06,NM,0.0,cents per kilowatt-hour
1716,2023,06,NY,21.63,cents per kilowatt-hour
1717,2023,06,NY,15.71,cents per kilowatt-hour
1722,2023,06,NC,12.57,cents per kilowatt-hour
1723,2023,06,NC,9.07,cents per kilowatt-hour
1728,2023,06,ND,12.35,cents per kilowatt-hour
1729,2023,06,ND,0.0,cents per kilowatt-hour
1734,2023,06,OH,16.29,cents per kilowatt-hour
1735,2023,06,OH,5.86,cents per kilowatt-hour
1741,2023,03,AL,14.67,cents per kilowatt-hour
1742,2023,03,AL,0.0,cents per kilowatt-hour
1746,2023,04,ID,0.0,cents per kilowatt-hour
1751,2023,04,IL,17.82,cents per kilowatt-hour
1752,2023,04,IL,5.98,cents per kilowatt-hour
1757,2023,04,IN,15.08,cents per kilowatt-hour
1758,2023,04,IN,13.63,cents per kilowatt-hour
1763,2023,04,IA,12.62,cents per kilowatt-hour
1764,2023,04,IA,0.0,cents per kilowatt-hour
1769,2023,04,KS,13.59,cents per kilowatt-hour
1770,2023,04,KS,0.0,cents per kilowatt-hour
1776,2023,10,CO,14.5,cents per kilowatt-hour
1777,2023,10,CO,13.64,cents per kilowatt-hour
1782,2023,10,CT,29.01,cents per kilowatt-hour
1783,2023,10,CT,16.09,cents per kilowatt-hour
1788,2023,10,DE,17.43,cents per kilowatt-hour
1789,2023,10,DE,0.0,cents per kilowatt-hour
1793,2023,11,KY,13.29,cents per kilowatt-hour
1794,2023,11,KY,0.0,cents per kilowatt-hour
1799,2023,11,LA,11.45,cents per kilowatt-hour
1800,2023,11,LA,11.23,cents per kilowatt-hour
1805,2023,11,ME,28.46,cents per kilowatt-hour
1806,2023,11,ME,0.0,cents per kilowatt-hour
1808,2023,05,NC,12.9,cents per kilowatt-hour
1809,2023,05,NC,8.16,cents per kilowatt-hour
1814,2023,05,ND,11.75,cents per kilowatt-hour
1815,2023,05,ND,0.0,cents per kilowatt-hour
1820,2023,05,OH,15.63,cents per kilowatt-hour
1821,2023,05,OH,5.86,cents per kilowatt-hour
1826,2023,05,OK,11.63,cents per kilowatt-hour
1827,2023,05,OK,0.0,cents per kilowatt-hour
1832,2023,05,OR,13.01,cents per kilowatt-hour
1833,2023,05,OR,11.54,cents per kilowatt-hour
1835,2023,07,NY,22.29,cents per kilowatt-hour
1836,2023,07,NY,15.83,cents per kilowatt-hour
1841,2023,07,NC,12.39,cents per kilowatt-hour
1842,2023,07,NC,9.28,cents per kilowatt-hour
1847,2023,07,ND,12.63,cents per kilowatt-hour
1848,2023,07,ND,0.0,cents per kilowatt-hour
1853,2023,07,OH,15.73,cents per kilowatt-hour
1854,2023,07,OH,6.02,cents per kilowatt-hour
1859,2023,07,OK,12.27,cents per kilowatt-hour
1860,2023,07,OK,0.0,cents per kilowatt-hour
1865,2023,07,OR,13.17,cents per kilowatt-hour
1866,2023,07,OR,11.31,cents per kilowatt-hour
1875,2023,01,WY,10.24,cents per kilowatt-hour
1876,2023,01,WY,0.0,cents per kilowatt-hour
1881,2023,01,NEW,29.95,cents per kilowatt-hour
1882,2023,01,NEW,14.42,cents per kilowatt-hour
1887,2023,01,MAT,19.88,cents per kilowatt-hour
1888,2023,01,MAT,14.23,cents per kilowatt-hour
1893,2023,01,ENC,15.8,cents per kilowatt-hour
1894,2023,01,ENC,7.49,cents per kilowatt-hour
1899,2023,01,WNC,11.34,cents per kilowatt-hour
1900,2023,01,WNC,8.9,cents per kilowatt-hour
1905,2023,01,SAT,13.9,cents per kilowatt-hour
1909,2023,02,OK,11.34,cents per kilowatt-hour
1910,2023,02,OK,0.0,cents per kilowatt-hour
1915,2023,02,OR,12.25,cents per kilowatt-hour
1916,2023,02,OR,11.1,cents per kilowatt-hour
1921,2023,02,PA,18.33,cents per kilowatt-hour
1922,2023,02,PA,11.46,cents per kilowatt-hour
1927,2023,02,RI,29.08,cents per kilowatt-hour
1929,2023,03,AK,23.45,cents per kilowatt-hour
1930,2023,03,AK,0.0,cents per kilowatt-hour
1935,2023,03,AZ,13.62,cents per kilowatt-hour
1936,2023,03,AZ,8.96,cents per kilowatt-hour
1941,2023,03,AR,12.21,cents per kilowatt-hour
1942,2023,03,AR,11.18,cents per kilowatt-hour
1947,2023,03,CA,30.39,cents per kilowatt-hour
1948,2023,03,CA,11.79,cents per kilowatt-hour
1953,2023,03,CO,13.8,cents per kilowatt-hour
1954,2023,03,CO,12.37,cents per kilowatt-hour
1959,2023,03,CT,33.06,cents per kilowatt-hour
1960,2023,03,CT,27.22,cents per kilowatt-hour
1965,2023,03,DE,15.33,cents per kilowatt-hour
1966,2023,03,DE,0.0,cents per kilowatt-hour
1969,2023,07,PA,17.94,cents per kilowatt-hour
1970,2023,07,PA,10.04,cents per kilowatt-hour
1975,2023,07,RI,24.31,cents per kilowatt-hour
1976,2023,07,RI,16.73,cents per kilowatt-hour
1981,2023,07,SC,13.21,cents per kilowatt-hour
1982,2023,07,SC,0.0,cents per kilowatt-hour
1987,2023,07,SD,13.3,cents per kilowatt-hour
1988,2023,07,SD,0.0,cents per kilowatt-hour
1993,2023,07,TN,12.22,cents per kilowatt-hour
1994,2023,07,TN,0.0,cents per kilowatt-hour
1999,2023,07,TX,13.95,cents per kilowatt-hour
2000,2023,07,TX,7.22,cents per kilowatt-hour
2005,2023,07,UT,11.71,cents per kilowatt-hour
2006,2023,07,UT,12.31,cents per kilowatt-hour
2008,2023,05,TN,12.27,cents per kilowatt-hour
2009,2023,05,TN,0.0,cents per kilowatt-hour
2014,2023,05,TX,14.65,cents per kilowatt-hour
2015,2023,05,TX,6.84,cents per kilowatt-hour
2020,2023,05,UT,10.84,cents per kilowatt-hour
2021,2023,05,UT,12.3,cents per kilowatt-hour
2026,2023,05,VT,21.03,cents per kilowatt-hour
2027,2023,05,VT,0.0,cents per kilowatt-hour
2032,2023,05,VA,15.19,cents per kilowatt-hour
2033,2023,05,VA,10.76,cents per kilowatt-hour
2034,2023,02,KY,12.64,cents per kilowatt-hour
2035,2023,02,KY,0.0,cents per kilowatt-hour
2040,2023,02,LA,12.88,cents per kilowatt-hour
2041,2023,02,LA,13.22,cents per kilowatt-hour
2046,2023,02,ME,26.32,cents per kilowatt-hour
2047,2023,02,ME,0.0,cents per kilowatt-hour
2052,2023,02,MD,16.22,cents per kilowatt-hour
2053,2023,02,MD,11.23,cents per kilowatt-hour
2058,2023,02,MA,32.56,cents per kilowatt-hour
2059,2023,02,MA,8.65,cents per kilowatt-hour
2065,2023,12,OK,10.79,cents per kilowatt-hour
2066,2023,12,OK,0.0,cents per kilowatt-hour
2071,2023,12,OR,12.61,cents per kilowatt-hour
2072,2023,12,OR,11.73,cents per kilowatt-hour
2077,2023,12,PA,17.52,cents per kilowatt-hour
2078,2023,12,PA,10.71,cents per kilowatt-hour
2083,2023,12,RI,30.86,cents per kilowatt-hour
2084,2023,12,RI,20.94,cents per kilowatt-hour
2092,2023,05,MN,15.32,cents per kilowatt-hour
2093,2023,05,MN,12.66,cents per kilowatt-hour
2098,2023,05,MS,13.89,cents per kilowatt-hour
2099,2023,05,MS,0.0,cents per kilowatt-hour
2104,2023,05,MO,12.27,cents per kilowatt-hour
2105,2023,05,MO,8.43,cents per kilowatt-hour
2110,2023,05,MT,12.79,cents per kilowatt-hour
2111,2023,05,MT,0.0,cents per kilowatt-hour
2116,2023,05,NE,11.77,cents per kilowatt-hour
2117,2023,05,NE,0.0,cents per kilowatt-hour
2120,2023,01,IL,15.99,cents per kilowatt-hour
2121,2023,01,IL,7.44,cents per kilowatt-hour
2126,2023,01,IN,15.43,cents per kilowatt-hour
2127,2023,01,IN,13.29,cents per kilowatt-hour
2132,2023,01,IA,11.38,cents per kilowatt-hour
2133,2023,01,IA,0.0,cents per kilowatt-hour
2138,2023,01,KS,12.73,cents per kilowatt-hour
2139,2023,01,KS,0.0,cents per kilowatt-hour
2143,2023,02,IL,17.03,cents per kilowatt-hour
2144,2023,02,IL,7.15,cents per kilowatt-hour
2149,2023,02,IN,16.12,cents per kilowatt-hour
2150,2023,02,IN,0.0,cents per kilowatt-hour
2155,2023,02,IA,11.69,cents per kilowatt-hour
2156,2023,02,IA,0.0,cents per kilowatt-hour
2161,2023,02,KS,14.45,cents per kilowatt-hour
2162,2023,02,KS,0.0,cents per kilowatt-hour
2163,2023,04,VT,0.0,cents per kilowatt-hour
2171,2023,05,WA,11.16,cents per kilowatt-hour
2172,2023,05,WA,10.24,cents per kilowatt-hour
2177,2023,05,WV,14.6,cents per kilowatt-hour
2178,2023,05,WV,0.0,cents per kilowatt-hour
2183,2023,05,WI,17.43,cents per kilowatt-hour
2184,2023,05,WI,16.34,cents per kilowatt-hour
2189,2023,05,WY,11.9,cents per kilowatt-hour
2190,2023,05,WY,0.0,cents per kilowatt-hour
2195,2023,05,NEW,29.47,cents per kilowatt-hour
2196,2023,05,NEW,11.16,cents per kilowatt-hour
2201,2023,05,MAT,18.96,cents per kilowatt-hour
2202,2023,05,MAT,14.3,cents per kilowatt-hour
2207,2023,05,ENC,16.86,cents per kilowatt-hour
2208,2023,05,ENC,7.27,cents per kilowatt-hour
2213,2023,05,WNC,13.4,cents per kilowatt-hour
2214,2023,05,WNC,10.3,cents per kilowatt-hour
2219,2023,05,SAT,14.59,cents per kilowatt-hour
2220,2023,05,SAT,10.27,cents per kilowatt-hour
2224,2023,06,TN,12.34,cents per kilowatt-hour
2225,2023,06,TN,0.0,cents per kilowatt-hour
2230,2023,06,TX,14.35,cents per kilowatt-hour
2231,2023,06,TX,6.99,cents per kilowatt-hour
2236,2023,06,UT,11.44,cents per kilowatt-hour
2237,2023,06,UT,12.37,cents per kilowatt-hour
2242,2023,06,VT,21.0,cents per kilowatt-hour
2243,2023,06,VT,0.0,cents per kilowatt-hour
2246,2023,01,DE,14.25,cents per kilowatt-hour
2247,2023,01,DE,0.0,cents per kilowatt-hour
2252,2023,01,DC,14.96,cents per kilowatt-hour
2253,2023,01,DC,10.26,cents per kilowatt-hour
2258,2023,01,FL,14.89,cents per kilowatt-hour
2259,2023,01,FL,11.14,cents per kilowatt-hour
2264,2023,01,GA,12.81,cents per kilowatt-hour
2265,2023,01,GA,9.28,cents per kilowatt-hour
2270,2023,01,HI,44.96,cents per kilowatt-hour
2271,2023,01,HI,0.0,cents per kilowatt-hour
2276,2023,01,ID,10.51,cents per kilowatt-hour
2277,2023,01,ID,0.0,cents per kilowatt-hour
2284,2023,05,NV,17.43,cents per kilowatt-hour
2285,2023,05,NV,13.02,cents per kilowatt-hour
2290,2023,05,NH,30.6,cents per kilowatt-hour
2291,2023,05,NH,0.0,cents per kilowatt-hour
2296,2023,05,NJ,17.13,cents per kilowatt-hour
2297,2023,05,NJ,11.94,cents per kilowatt-hour
2302,2023,05,NM,12.96,cents per kilowatt-hour
2303,2023,05,NM,0.0,cents per kilowatt-hour
2310,2023,12,VT,21.09,cents per kilowatt-hour
2311,2023,12,VT,0.0,cents per kilowatt-hour
2316,2023,12,VA,13.54,cents per kilowatt-hour
2317,2023,12,VA,9.97,cents per kilowatt-hour
2322,2023,12,WA,10.98,cents per kilowatt-hour
2323,2023,12,WA,10.08,cents per kilowatt-hour
2324,2023,07,ENC,16.1,cents per kilowatt-hour
2325,2023,07,ENC,6.91,cents per kilowatt-hour
2330,2023,07,WNC,14.3,cents per kilowatt-hour
2331,2023,07,WNC,13.12,cents per kilowatt-hour
2336,2023,07,SAT,14.23,cents per kilowatt-hour
2337,2023,07,SAT,10.22,cents per kilowatt-hour
2341,2023,04,VA,14.58,cents per kilowatt-hour
2342,2023,04,VA,14.4,cents per kilowatt-hour
2347,2023,04,WA,10.95,cents per kilowatt-hour
2348,2023,04,WA,10.19,cents per kilowatt-hour
2353,2023,04,WV,14.38,cents per kilowatt-hour
2354,2023,04,WV,0.0,cents per kilowatt-hour
2359,2023,04,WI,16.98,cents per kilowatt-hour
2360,2023,04,WI,16.93,cents per kilowatt-hour
2365,2023,04,WY,11.19,cents per kilowatt-hour
2366,2023,04,WY,0.0,cents per kilowatt-hour
2371,2023,04,NEW,31.22,cents per kilowatt-hour
2372,2023,04,NEW,11.64,cents per kilowatt-hour
2377,2023,04,MAT,18.74,cents per kilowatt-hour
2378,2023,04,MAT,13.59,cents per kilowatt-hour
2383,2023,04,ENC,16.57,cents per kilowatt-hour
2384,2023,04,ENC,6.37,cents per kilowatt-hour
2389,2023,04,WNC,12.65,cents per kilowatt-hour
2390,2023,04,WNC,9.55,cents per kilowatt-hour
2395,2023,04,SAT,14.64,cents per kilowatt-hour
2396,2023,09,FL,15.48,cents per kilowatt-hour
2399,2023,05,ESC,13.26,cents per kilowatt-hour
2400,2023,05,ESC,0.0,cents per kilowatt-hour
2405,2023,05,WSC,13.81,cents per kilowatt-hour
2406,2023,05,WSC,7.11,cents per kilowatt-hour
2411,2023,05,MTN,13.89,cents per kilowatt-hour
2412,2023,05,MTN,11.61,cents per kilowatt-hour
2417,2023,05,PACC,22.11,cents per kilowatt-hour
2418,2023,05,PACC,12.86,cents per kilowatt-hour
2423,2023,09,AK,24.57,cents per kilowatt-hour
2424,2023,09,AK,0.0,cents per kilowatt-hour
2429,2023,09,AZ,14.38,cents per kilowatt-hour
2430,2023,09,AZ,10.41,cents per kilowatt-hour
2435,2023,09,AR,12.69,cents per kilowatt-hour
2436,2023,09,AR,15.52,cents per kilowatt-hour
2441,2023,09,CA,30.01,cents per kilowatt-hour
2442,2023,09,CA,15.19,cents per kilowatt-hour
2447,2023,09,CO,15.03,cents per kilowatt-hour
2448,2023,09,CO,15.43,cents per kilowatt-hour
2453,2023,09,CT,29.31,cents per kilowatt-hour
2454,2023,09,CT,20.36,cents per kilowatt-hour
2459,2023,08,AZ,13.83,cents per kilowatt-hour
2460,2023,08,AZ,10.38,cents per kilowatt-hour
2465,2023,08,AR,12.47,cents per kilowatt-hour
2466,2023,08,AR,15.52,cents per kilowatt-hour
2475,2023,03,NE,10.48,cents per kilowatt-hour
2476,2023,03,NE,0.0,cents per kilowatt-hour
2481,2023,03,NV,17.11,cents per kilowatt-hour
2482,2023,03,NV,12.96,cents per kilowatt-hour
2487,2023,03,NH,30.25,cents per kilowatt-hour
2488,2023,03,NH,0.0,cents per kilowatt-hour
2493,2023,03,NJ,17.12,cents per kilowatt-hour
2494,2023,03,NJ,11.38,cents per kilowatt-hour
2499,2023,03,NM,13.05,cents per kilowatt-hour
2500,2023,03,NM,0.0,cents per kilowatt-hour
2505,2023,03,NY,21.21,cents per kilowatt-hour
2506,2023,03,NY,14.73,cents per kilowatt-hour
2511,2023,03,NC,12.67,cents per kilowatt-hour
2512,2023,03,NC,7.96,cents per kilowatt-hour
2516,2023,07,ESC,13.03,cents per kilowatt-hour
2517,2023,07,ESC,0.0,cents per kilowatt-hour
2522,2023,07,WSC,13.34,cents per kilowatt-hour
2523,2023,07,WSC,7.48,cents per kilowatt-hour
2528,2023,07,MTN,14.03,cents per kilowatt-hour
2529,2023,07,MTN,13.26,cents per kilowatt-hour
2534,2023,07,PACC,23.37,cents per kilowatt-hour
2535,2023,07,PACC,12.82,cents per kilowatt-hour
2540,2023,07,PACN,34.13,cents per kilowatt-hour
2541,2023,07,PACN,0.0,cents per kilowatt-hour
2546,2023,07,US,15.86,cents per kilowatt-hour
2547,2023,07,US,12.77,cents per kilowatt-hour
2552,2023,08,AL,14.19,cents per kilowatt-hour
2553,2023,08,AL,0.0,cents per kilowatt-hour
2560,2023,05,PA,18.46,cents per kilowatt-hour
2561,2023,05,PA,9.3,cents per kilowatt-hour
2566,2023,05,RI,26.84,cents per kilowatt-hour
2567,2023,05,RI,16.88,cents per kilowatt-hour
2568,2023,09,FL,11.69,cents per kilowatt-hour
2573,2023,09,GA,13.97,cents per kilowatt-hour
2574,2023,09,GA,9.4,cents per kilowatt-hour
2579,2023,09,HI,41.52,cents per kilowatt-hour
2580,2023,09,HI,0.0,cents per kilowatt-hour
2585,2023,09,ID,11.53,cents per kilowatt-hour
2586,2023,09,ID,0.0,cents per kilowatt-hour
2591,2023,09,IL,14.7,cents per kilowatt-hour
2592,2023,09,IL,7.0,cents per kilowatt-hour
2596,2023,02,WA,10.71,cents per kilowatt-hour
2597,2023,02,WA,10.54,cents per kilowatt-hour
2602,2023,02,WV,13.55,cents per kilowatt-hour
2603,2023,02,WV,0.0,cents per kilowatt-hour
2608,2023,02,WI,16.33,cents per kilowatt-hour
2609,2023,02,WI,16.41,cents per kilowatt-hour
2614,2023,02,WY,10.26,cents per kilowatt-hour
2615,2023,02,WY,0.0,cents per kilowatt-hour
2620,2023,02,NEW,31.26,cents per kilowatt-hour
2621,2023,02,NEW,19.09,cents per kilowatt-hour
2626,2023,02,MAT,20.26,cents per kilowatt-hour
2627,2023,02,MAT,14.84,cents per kilowatt-hour
2629,2023,06,PACN,0.0,cents per kilowatt-hour
2634,2023,06,US,16.09,cents per kilowatt-hour
2635,2023,06,US,12.41,cents per kilowatt-hour
2638,2023,03,OK,11.71,cents per kilowatt-hour
2639,2023,03,OK,0.0,cents per kilowatt-hour
2644,2023,03,OR,12.22,cents per kilowatt-hour
2645,2023,03,OR,11.43,cents per kilowatt-hour
2648,2023,02,MI,17.99,cents per kilowatt-hour
2649,2023,02,MI,12.67,cents per kilowatt-hour
2654,2023,02,MN,13.63,cents per kilowatt-hour
2655,2023,02,MN,11.88,cents per kilowatt-hour
2660,2023,02,MS,13.57,cents per kilowatt-hour
2661,2023,02,MS,0.0,cents per kilowatt-hour
2666,2023,02,MO,11.36,cents per kilowatt-hour
2667,2023,02,MO,7.74,cents per kilowatt-hour
2672,2023,02,MT,11.96,cents per kilowatt-hour
2673,2023,02,MT,0.0,cents per kilowatt-hour
2678,2023,02,NE,10.16,cents per kilowatt-hour
2679,2023,02,NE,0.0,cents per kilowatt-hour
2684,2023,02,NV,17.04,cents per kilowatt-hour
2685,2023,02,NV,13.21,cents per kilowatt-hour
2690,2023,02,NH,30.98,cents per kilowatt-hour
2691,2023,02,NH,0.0,cents per kilowatt-hour
2696,2023,02,NJ,16.97,cents per kilowatt-hour
2697,2023,02,NJ,12.64,cents per kilowatt-hour
2702,2023,02,NM,13.75,cents per kilowatt-hour
2703,2023,02,NM,0.0,cents per kilowatt-hour
2708,2023,02,NY,24.18,cents per kilowatt-hour
2709,2023,02,NY,15.75,cents per kilowatt-hour
2712,2023,11,NM,14.2,cents per kilowatt-hour
2713,2023,11,NM,0.0,cents per kilowatt-hour
2718,2023,11,NY,22.85,cents per kilowatt-hour
2719,2023,11,NY,15.78,cents per kilowatt-hour
2724,2023,11,NC,13.39,cents per kilowatt-hour
2725,2023,11,NC,9.27,cents per kilowatt-hour
2730,2023,11,ND,10.77,cents per kilowatt-hour
2731,2023,11,ND,0.0,cents per kilowatt-hour
2736,2023,11,OH,15.65,cents per kilowatt-hour
2737,2023,11,OH,6.15,cents per kilowatt-hour
2742,2023,11,OK,11.88,cents per kilowatt-hour
2743,2023,11,OK,0.0,cents per kilowatt-hour
2748,2023,11,OR,12.99,cents per kilowatt-hour
2749,2023,11,OR,11.51,cents per kilowatt-hour
2754,2023,11,PA,18.11,cents per kilowatt-hour
2755,2023,11,PA,10.08,cents per kilowatt-hour
2761,2023,02,ENC,16.28,cents per kilowatt-hour
2762,2023,02,ENC,7.08,cents per kilowatt-hour
2767,2023,02,WNC,12.03,cents per kilowatt-hour
2768,2023,02,WNC,9.72,cents per kilowatt-hour
2773,2023,02,SAT,14.56,cents per kilowatt-hour
2774,2023,02,SAT,10.24,cents per kilowatt-hour
2779,2023,02,ESC,13.39,cents per kilowatt-hour
2780,2023,02,ESC,0.0,cents per kilowatt-hour
2787,2023,03,PA,18.13,cents per kilowatt-hour
2788,2023,03,PA,9.36,cents per kilowatt-hour
2793,2023,03,RI,27.91,cents per kilowatt-hour
2794,2023,03,RI,16.1,cents per kilowatt-hour
2800,2023,12,MT,12.58,cents per kilowatt-hour
2801,2023,12,MT,0.0,cents per kilowatt-hour
2806,2023,12,NE,10.47,cents per kilowatt-hour
2807,2023,12,NE,0.0,cents per kilowatt-hour
2812,2023,12,NV,15.55,cents per kilowatt-hour
2813,2023,12,NV,12.1,cents per kilowatt-hour
2818,2023,12,NH,24.74,cents per kilowatt-hour
2819,2023,12,NH,0.0,cents per kilowatt-hour
2824,2023,12,NJ,17.56,cents per kilowatt-hour
2825,2023,12,NJ,11.66,cents per kilowatt-hour
2830,2023,12,NM,13.37,cents per kilowatt-hour
2831,2023,12,NM,0.0,cents per kilowatt-hour
2836,2023,12,NY,22.42,cents per kilowatt-hour
2837,2023,12,NY,14.38,cents per kilowatt-hour
2842,2023,12,NC,12.97,cents per kilowatt-hour
2843,2023,12,NC,9.33,cents per kilowatt-hour
2850,2023,09,MS,12.85,cents per kilowatt-hour
2851,2023,09,MS,0.0,cents per kilowatt-hour
2856,2023,09,MO,14.03,cents per kilowatt-hour
2857,2023,09,MO,13.31,cents per kilowatt-hour
2862,2023,09,MT,13.15,cents per kilowatt-hour
2863,2023,09,MT,0.0,cents per kilowatt-hour
2868,2023,09,NE,12.32,cents per kilowatt-hour
2869,2023,09,NE,0.0,cents per kilowatt-hour
2874,2023,09,NV,16.94,cents per kilowatt-hour
2875,2023,09,NV,13.01,cents per kilowatt-hour
2880,2023,09,NH,23.24,cents per kilowatt-hour
2881,2023,09,NH,0.0,cents per kilowatt-hour
2886,2023,09,NJ,17.97,cents per kilowatt-hour
2887,2023,09,NJ,11.86,cents per kilowatt-hour
2892,2023,09,NM,14.88,cents per kilowatt-hour
2893,2023,09,NM,0.0,cents per kilowatt-hour
2898,2023,09,NY,23.24,cents per kilowatt-hour
2899,2023,09,NY,19.09,cents per kilowatt-hour
2904,2023,09,NC,13.72,cents per kilowatt-hour
2905,2023,09,NC,10.12,cents per kilowatt-hour
2910,2023,10,DC,18.03,cents per kilowatt-hour
2911,2023,10,DC,10.51,cents per kilowatt-hour
2916,2023,10,FL,15.45,cents per kilowatt-hour
2917,2023,10,FL,11.45,cents per kilowatt-hour
2922,2023,10,GA,13.69,cents per kilowatt-hour
2923,2023,10,GA,6.13,cents per kilowatt-hour
2928,2023,10,HI,42.68,cents per kilowatt-hour
2929,2023,10,HI,0.0,cents per kilowatt-hour
2934,2023,10,ID,12.07,cents per kilowatt-hour
2935,2023,10,ID,0.0,cents per kilowatt-hour
2940,2023,10,IL,15.75,cents per kilowatt-hour
2941,2023,10,IL,7.14,cents per kilowatt-hour
2946,2023,10,IN,15.17,cents per kilowatt-hour
2947,2023,10,IN,13.29,cents per kilowatt-hour
2952,2023,10,IA,13.46,cents per kilowatt-hour
2953,2023,10,IA,0.0,cents per kilowatt-hour
2958,2023,10,KS,13.45,cents per kilowatt-hour
2959,2023,10,KS,0.0,cents per kilowatt-hour
2962,2023,12,ND,10.27,cents per kilowatt-hour
2963,2023,12,ND,0.0,cents per kilowatt-hour
2968,2023,12,OH,15.57,cents per kilowatt-hour
2969,2023,12,OH,6.14,cents per kilowatt-hour
2971,2023,04,SAT,10.11,cents per kilowatt-hour
2976,2023,04,ESC,13.06,cents per kilowatt-hour
2977,2023,04,ESC,0.0,cents per kilowatt-hour
2982,2023,04,WSC,13.56,cents per kilowatt-hour
2983,2023,04,WSC,7.37,cents per kilowatt-hour
2988,2023,04,MTN,13.38,cents per kilowatt-hour
2989,2023,04,MTN,12.16,cents per kilowatt-hour
2994,2023,04,PACC,21.33,cents per kilowatt-hour
2995,2023,04,PACC,11.37,cents per kilowatt-hour
3000,2023,04,PACN,34.5,cents per kilowatt-hour
3001,2023,04,PACN,0.0,cents per kilowatt-hour
3006,2023,04,US,16.1,cents per kilowatt-hour
3007,2023,04,US,12.05,cents per kilowatt-hour
3010,2023,07,LA,11.26,cents per kilowatt-hour
3011,2023,07,LA,10.91,cents per kilowatt-hour
3016,2023,03,ND,9.75,cents per kilowatt-hour
3017,2023,03,ND,0.0,cents per kilowatt-hour
3022,2023,03,OH,14.89,cents per kilowatt-hour
3023,2023,03,OH,5.63,cents per kilowatt-hour
3029,2023,06,OK,12.43,cents per kilowatt-hour
3030,2023,06,OK,0.0,cents per kilowatt-hour
3035,2023,06,OR,13.14,cents per kilowatt-hour
3036,2023,06,OR,11.36,cents per kilowatt-hour
3041,2023,06,PA,18.39,cents per kilowatt-hour
3042,2023,06,PA,9.04,cents per kilowatt-hour
3047,2023,06,RI,23.83,cents per kilowatt-hour
3048,2023,06,RI,17.72,cents per kilowatt-hour
3053,2023,06,SC,13.75,cents per kilowatt-hour
3054,2023,06,SC,0.0,cents per kilowatt-hour
3059,2023,06,SD,13.3,cents per kilowatt-hour
3060,2023,06,SD,0.0,cents per kilowatt-hour
3068,2023,03,MTN,13.04,cents per kilowatt-hour
3069,2023,03,MTN,12.14,cents per kilowatt-hour
3073,2023,09,ND,12.83,cents per kilowatt-hour
3074,2023,09,ND,0.0,cents per kilowatt-hour
3080,2023,10,KY,13.17,cents per kilowatt-hour
3081,2023,10,KY,0.0,cents per kilowatt-hour
3086,2023,10,LA,11.95,cents per kilowatt-hour
3087,2023,10,LA,10.61,cents per kilowatt-hour
3092,2023,10,ME,29.06,cents per kilowatt-hour
3093,2023,10,ME,0.0,cents per kilowatt-hour
3098,2023,10,MD,18.38,cents per kilowatt-hour
3099,2023,10,MD,11.55,cents per kilowatt-hour
3104,2023,10,MA,28.19,cents per kilowatt-hour
3105,2023,10,MA,6.65,cents per kilowatt-hour
3110,2023,10,MI,19.2,cents per kilowatt-hour
3111,2023,10,MI,14.43,cents per kilowatt-hour
3116,2023,10,MN,15.45,cents per kilowatt-hour
3117,2023,10,MN,12.4,cents per kilowatt-hour
3122,2023,10,MS,13.47,cents per kilowatt-hour
3123,2023,10,MS,0.0,cents per kilowatt-hour
3128,2023,10,MO,12.2,cents per kilowatt-hour
3129,2023,10,MO,12.48,cents per kilowatt-hour
3134,2023,10,MT,12.93,cents per kilowatt-hour
3135,2023,10,MT,0.0,cents per kilowatt-hour
3142,2023,07,ME,27.73,cents per kilowatt-hour
3143,2023,07,ME,0.0,cents per kilowatt-hour
3147,2023,07,VT,20.45,cents per kilowatt-hour
3148,2023,07,VT,0.0,cents per kilowatt-hour
3153,2023,07,VA,13.88,cents per kilowatt-hour
3154,2023,07,VA,10.91,cents per kilowatt-hour
3159,2023,07,WA,11.15,cents per kilowatt-hour
3160,2023,07,WA,9.89,cents per kilowatt-hour
3165,2023,07,WV,14.08,cents per kilowatt-hour
3166,2023,07,WV,0.0,cents per kilowatt-hour
3171,2023,07,WI,17.02,cents per kilowatt-hour
3172,2023,07,WI,16.5,cents per kilowatt-hour
3177,2023,07,WY,12.49,cents per kilowatt-hour
3178,2023,07,WY,0.0,cents per kilowatt-hour
3183,2023,07,NEW,26.84,cents per kilowatt-hour
3184,2023,07,NEW,12.52,cents per kilowatt-hour
3189,2023,07,MAT,19.7,cents per kilowatt-hour
3190,2023,07,MAT,14.73,cents per kilowatt-hour
3195,2023,09,WV,14.35,cents per kilowatt-hour
3196,2023,09,WV,0.0,cents per kilowatt-hour
3205,2023,02,NC,12.75,cents per kilowatt-hour
3206,2023,02,NC,7.81,cents per kilowatt-hour
3211,2023,02,ND,10.01,cents per kilowatt-hour
3212,2023,02,ND,0.0,cents per kilowatt-hour
3217,2023,02,OH,14.62,cents per kilowatt-hour
3218,2023,02,OH,5.31,cents per kilowatt-hour
3223,2023,01,KY,12.83,cents per kilowatt-hour
3224,2023,01,KY,0.0,cents per kilowatt-hour
3229,2023,01,LA,11.98,cents per kilowatt-hour
3230,2023,01,LA,9.77,cents per kilowatt-hour
3235,2023,01,ME,24.08,cents per kilowatt-hour
3236,2023,01,ME,0.0,cents per kilowatt-hour
3241,2023,01,MD,15.98,cents per kilowatt-hour
3242,2023,01,MD,10.79,cents per kilowatt-hour
3247,2023,01,MA,32.19,cents per kilowatt-hour
3248,2023,01,MA,7.2,cents per kilowatt-hour
3253,2023,01,MI,18.16,cents per kilowatt-hour
3254,2023,01,MI,12.07,cents per kilowatt-hour
3259,2023,01,MN,13.25,cents per kilowatt-hour
3260,2023,01,MN,11.07,cents per kilowatt-hour
3265,2023,01,MS,12.98,cents per kilowatt-hour
3266,2023,01,MS,0.0,cents per kilowatt-hour
3271,2023,01,MO,10.54,cents per kilowatt-hour
3272,2023,01,MO,7.14,cents per kilowatt-hour
3277,2023,01,MT,11.89,cents per kilowatt-hour
3278,2023,01,MT,0.0,cents per kilowatt-hour
3283,2023,01,NE,9.27,cents per kilowatt-hour
3284,2023,09,WI,17.41,cents per kilowatt-hour
3285,2023,09,WI,19.26,cents per kilowatt-hour
3290,2023,09,WY,12.64,cents per kilowatt-hour
3291,2023,09,WY,0.0,cents per kilowatt-hour
3296,2023,09,NEW,27.37,cents per kilowatt-hour
3297,2023,09,NEW,12.49,cents per kilowatt-hour
3302,2023,09,MAT,20.11,cents per kilowatt-hour
3303,2023,09,MAT,17.58,cents per kilowatt-hour
3310,2023,09,OH,15.59,cents per kilowatt-hour
3311,2023,09,OH,6.68,cents per kilowatt-hour
3316,2023,09,OK,13.03,cents per kilowatt-hour
3317,2023,09,OK,0.0,cents per kilowatt-hour
3322,2023,09,OR,13.19,cents per kilowatt-hour
3323,2023,09,OR,11.28,cents per kilowatt-hour
3328,2023,09,PA,18.02,cents per kilowatt-hour
3329,2023,09,PA,10.6,cents per kilowatt-hour
3334,2023,09,RI,25.27,cents per kilowatt-hour
3338,2023,05,PACN,34.99,cents per kilowatt-hour
3339,2023,05,PACN,0.0,cents per kilowatt-hour
3346,2023,01,AK,21.73,cents per kilowatt-hour
3347,2023,01,AK,0.0,cents per kilowatt-hour
3352,2023,01,AZ,12.63,cents per kilowatt-hour
3353,2023,01,AZ,8.77,cents per kilowatt-hour
3358,2023,01,AR,11.42,cents per kilowatt-hour
3359,2023,01,AR,13.94,cents per kilowatt-hour
3364,2023,01,CA,26.47,cents per kilowatt-hour
3365,2023,01,CA,11.67,cents per kilowatt-hour
3370,2023,01,CO,14.11,cents per kilowatt-hour
3371,2023,01,CO,12.57,cents per kilowatt-hour
3376,2023,01,CT,30.29,cents per kilowatt-hour
3377,2023,01,CT,25.99,cents per kilowatt-hour
3383,2023,01,WV,13.06,cents per kilowatt-hour
3384,2023,01,WV,0.0,cents per kilowatt-hour
3389,2023,01,WI,16.17,cents per kilowatt-hour
3390,2023,01,WI,15.54,cents per kilowatt-hour
3395,2023,10,US,16.48,cents per kilowatt-hour
3396,2023,10,US,12.65,cents per kilowatt-hour
3401,2023,11,AL,14.98,cents per kilowatt-hour
3402,2023,11,AL,0.0,cents per kilowatt-hour
3407,2023,11,AK,24.13,cents per kilowatt-hour
3408,2023,11,AK,0.0,cents per kilowatt-hour
3413,2023,11,AZ,14.55,cents per kilowatt-hour
3414,2023,11,AZ,9.68,cents per kilowatt-hour
3418,2023,01,NE,0.0,cents per kilowatt-hour
3423,2023,01,NV,16.8,cents per kilowatt-hour
3424,2023,01,NV,11.91,cents per kilowatt-hour
3429,2023,01,NH,31.68,cents per kilowatt-hour
3430,2023,01,NH,0.0,cents per kilowatt-hour
3432,2023,01,OK,10.75,cents per kilowatt-hour
3433,2023,01,OK,0.0,cents per kilowatt-hour
3438,2023,01,OR,12.09,cents per kilowatt-hour
3439,2023,01,OR,11.16,cents per kilowatt-hour
3444,2023,01,PA,18.02,cents per kilowatt-hour
3445,2023,01,PA,11.24,cents per kilowatt-hour
3450,2023,01,RI,28.94,cents per kilowatt-hour
3451,2023,01,RI,17.94,cents per kilowatt-hour
3456,2023,01,SC,13.58,cents per kilowatt-hour
3457,2023,01,SC,0.0,cents per kilowatt-hour
3462,2023,01,SD,11.19,cents per kilowatt-hour
3463,2023,01,SD,0.0,cents per kilowatt-hour
3467,2023,09,IN,14.1,cents per kilowatt-hour
3468,2023,09,IN,14.88,cents per kilowatt-hour
3473,2023,09,IA,14.12,cents per kilowatt-hour
3474,2023,09,IA,0.0,cents per kilowatt-hour
3479,2023,09,KS,13.2,cents per kilowatt-hour
3480,2023,09,KS,0.0,cents per kilowatt-hour
3483,2023,05,US,16.14,cents per kilowatt-hour
3484,2023,05,US,12.43,cents per kilowatt-hour
3487,2023,08,CA,29.97,cents per kilowatt-hour
3488,2023,08,CA,13.83,cents per kilowatt-hour
3493,2023,08,CO,14.45,cents per kilowatt-hour
3494,2023,08,CO,13.96,cents per kilowatt-hour
3499,2023,08,CT,27.94,cents per kilowatt-hour
3500,2023,08,CT,22.64,cents per kilowatt-hour
3505,2023,08,DE,15.66,cents per kilowatt-hour
3506,2023,08,DE,0.0,cents per kilowatt-hour
3511,2023,08,DC,16.48,cents per kilowatt-hour
3512,2023,08,DC,10.29,cents per kilowatt-hour
3517,2023,08,FL,14.89,cents per kilowatt-hour
3518,2023,08,FL,10.82,cents per kilowatt-hour
3523,2023,08,GA,14.12,cents per kilowatt-hour
3524,2023,08,GA,9.68,cents per kilowatt-hour
3529,2023,08,HI,39.77,cents per kilowatt-hour
3530,2023,08,HI,0.0,cents per kilowatt-hour
3536,2023,11,AR,12.31,cents per kilowatt-hour
3537,2023,11,AR,15.97,cents per kilowatt-hour
3542,2023,11,CA,29.54,cents per kilowatt-hour
3543,2023,11,CA,13.56,cents per kilowatt-hour
3548,2023,11,CO,14.58,cents per kilowatt-hour
3549,2023,11,CO,13.16,cents per kilowatt-hour
3554,2023,11,CT,26.98,cents per kilowatt-hour
3555,2023,11,CT,16.0,cents per kilowatt-hour
3560,2023,11,DE,17.22,cents per kilowatt-hour
3561,2023,11,DE,0.0,cents per kilowatt-hour
3566,2023,11,DC,16.99,cents per kilowatt-hour
3567,2023,11,DC,9.77,cents per kilowatt-hour
3572,2023,11,FL,15.37,cents per kilowatt-hour
3573,2023,11,FL,11.38,cents per kilowatt-hour
3578,2023,11,GA,13.16,cents per kilowatt-hour
3579,2023,11,GA,6.23,cents per kilowatt-hour
3584,2023,11,HI,43.53,cents per kilowatt-hour
3585,2023,11,HI,0.0,cents per kilowatt-hour
3590,2023,11,ID,11.48,cents per kilowatt-hour
3591,2023,11,ID,0.0,cents per kilowatt-hour
3596,2023,11,IL,15.65,cents per kilowatt-hour
3597,2023,11,IL,5.53,cents per kilowatt-hour
3603,2023,09,KY,12.61,cents per kilowatt-hour
3604,2023,09,KY,0.0,cents per kilowatt-hour
3607,2023,08,ID,11.56,cents per kilowatt-hour
3608,2023,08,ID,0.0,cents per kilowatt-hour
3613,2023,08,IL,13.74,cents per kilowatt-hour
3614,2023,08,IL,6.51,cents per kilowatt-hour
3619,2023,08,IN,14.17,cents per kilowatt-hour
3620,2023,08,IN,14.01,cents per kilowatt-hour
3625,2023,08,IA,15.17,cents per kilowatt-hour
3626,2023,08,IA,0.0,cents per kilowatt-hour
3631,2023,08,KS,13.35,cents per kilowatt-hour
3632,2023,08,KS,0.0,cents per kilowatt-hour
3637,2023,08,KY,12.33,cents per kilowatt-hour
3638,2023,08,KY,0.0,cents per kilowatt-hour
3643,2023,08,LA,11.06,cents per kilowatt-hour
3644,2023,08,LA,10.85,cents per kilowatt-hour
3648,2023,08,AK,25.14,cents per kilowatt-hour
3649,2023,08,AK,0.0,cents per kilowatt-hour
3652,2023,03,SC,13.83,cents per kilowatt-hour
3653,2023,03,SC,0.0,cents per kilowatt-hour
3658,2023,03,SD,11.41,cents per kilowatt-hour
3659,2023,03,SD,0.0,cents per kilowatt-hour
3664,2023,03,TN,12.4,cents per kilowatt-hour
3665,2023,03,TN,0.0,cents per kilowatt-hour
3670,2023,03,TX,14.61,cents per kilowatt-hour
3673,2023,07,MO,14.42,cents per kilowatt-hour
3674,2023,07,MO,12.86,cents per kilowatt-hour
3679,2023,07,MT,13.07,cents per kilowatt-hour
3680,2023,07,MT,0.0,cents per kilowatt-hour
3685,2023,07,NE,12.35,cents per kilowatt-hour
3686,2023,07,NE,0.0,cents per kilowatt-hour
3691,2023,07,NV,16.3,cents per kilowatt-hour
3692,2023,07,NV,12.97,cents per kilowatt-hour
3697,2023,07,NH,28.96,cents per kilowatt-hour
3698,2023,07,NH,0.0,cents per kilowatt-hour
3703,2023,07,NJ,18.42,cents per kilowatt-hour
3704,2023,07,NJ,12.95,cents per kilowatt-hour
3709,2023,07,NM,14.39,cents per kilowatt-hour
3710,2023,07,NM,0.0,cents per kilowatt-hour
3719,2023,10,AL,15.08,cents per kilowatt-hour
3720,2023,10,AL,0.0,cents per kilowatt-hour
3725,2023,10,AK,24.04,cents per kilowatt-hour
3726,2023,10,AK,0.0,cents per kilowatt-hour
3731,2023,10,AZ,14.53,cents per kilowatt-hour
3732,2023,10,AZ,10.51,cents per kilowatt-hour
3738,2023,11,IN,14.64,cents per kilowatt-hour
3739,2023,11,IN,12.18,cents per kilowatt-hour
3744,2023,11,IA,12.91,cents per kilowatt-hour
3745,2023,11,IA,0.0,cents per kilowatt-hour
3750,2023,11,KS,13.04,cents per kilowatt-hour
3751,2023,11,KS,0.0,cents per kilowatt-hour
3758,2023,06,WV,14.44,cents per kilowatt-hour
3759,2023,06,WV,0.0,cents per kilowatt-hour
3764,2023,06,WI,17.14,cents per kilowatt-hour
3765,2023,06,WI,17.63,cents per kilowatt-hour
3770,2023,06,WY,12.53,cents per kilowatt-hour
3771,2023,06,WY,0.0,cents per kilowatt-hour
3776,2023,06,NEW,28.34,cents per kilowatt-hour
3777,2023,06,NEW,11.54,cents per kilowatt-hour
3782,2023,06,MAT,19.57,cents per kilowatt-hour
3783,2023,06,MAT,14.41,cents per kilowatt-hour
3788,2023,06,ENC,16.37,cents per kilowatt-hour
3789,2023,06,ENC,7.33,cents per kilowatt-hour
3794,2023,06,WNC,14.16,cents per kilowatt-hour
3795,2023,06,WNC,11.53,cents per kilowatt-hour
3800,2023,06,SAT,14.7,cents per kilowatt-hour
3801,2023,06,SAT,10.05,cents per kilowatt-hour
3806,2023,06,ESC,13.24,cents per kilowatt-hour
3807,2023,06,ESC,0.0,cents per kilowatt-hour
3812,2023,06,WSC,13.63,cents per kilowatt-hour
3813,2023,06,WSC,7.29,cents per kilowatt-hour
3818,2023,06,MTN,14.17,cents per kilowatt-hour
3819,2023,06,MTN,13.69,cents per kilowatt-hour
3824,2023,06,PACC,23.63,cents per kilowatt-hour
3825,2023,06,PACC,11.66,cents per kilowatt-hour
3830,2023,06,PACN,35.02,cents per kilowatt-hour
3834,2023,11,MD,17.38,cents per kilowatt-hour
3835,2023,11,MD,11.71,cents per kilowatt-hour
3840,2023,11,MA,28.41,cents per kilowatt-hour
3841,2023,11,MA,6.6,cents per kilowatt-hour
3846,2023,11,MI,18.59,cents per kilowatt-hour
3847,2023,11,MI,14.35,cents per kilowatt-hour
3852,2023,11,MN,14.52,cents per kilowatt-hour
3853,2023,11,MN,12.34,cents per kilowatt-hour
3858,2023,11,MS,13.5,cents per kilowatt-hour
3859,2023,11,MS,0.0,cents per kilowatt-hour
3864,2023,11,MO,11.98,cents per kilowatt-hour
3865,2023,11,MO,8.97,cents per kilowatt-hour
3870,2023,11,MT,12.58,cents per kilowatt-hour
3871,2023,11,MT,0.0,cents per kilowatt-hour
3876,2023,11,NE,11.26,cents per kilowatt-hour
3877,2023,11,NE,0.0,cents per kilowatt-hour
3882,2023,11,NV,17.11,cents per kilowatt-hour
3883,2023,11,NV,12.21,cents per kilowatt-hour
3888,2023,09,DE,15.81,cents per kilowatt-hour
3889,2023,09,DE,0.0,cents per kilowatt-hour
3894,2023,09,DC,16.29,cents per kilowatt-hour
3895,2023,09,DC,9.21,cents per kilowatt-hour
3900,2023,02,RI,15.84,cents per kilowatt-hour
3905,2023,02,SC,14.06,cents per kilowatt-hour
3906,2023,02,SC,0.0,cents per kilowatt-hour
3911,2023,02,SD,11.46,cents per kilowatt-hour
3912,2023,02,SD,0.0,cents per kilowatt-hour
3917,2023,02,TN,12.54,cents per kilowatt-hour
3918,2023,02,TN,0.0,cents per kilowatt-hour
3923,2023,02,TX,14.72,cents per kilowatt-hour
3924,2023,02,TX,6.99,cents per kilowatt-hour
3929,2023,11,RI,29.78,cents per kilowatt-hour
3930,2023,11,RI,16.52,cents per kilowatt-hour
3935,2023,11,SC,13.76,cents per kilowatt-hour
3936,2023,11,SC,0.0,cents per kilowatt-hour
3941,2023,11,SD,12.21,cents per kilowatt-hour
3942,2023,11,SD,0.0,cents per kilowatt-hour
3947,2023,11,TN,12.6,cents per kilowatt-hour
3948,2023,11,TN,0.0,cents per kilowatt-hour
3953,2023,11,TX,14.79,cents per kilowatt-hour
3954,2023,11,TX,7.6,cents per kilowatt-hour
3959,2023,11,UT,11.05,cents per kilowatt-hour
3960,2023,11,UT,12.16,cents per kilowatt-hour
3967,2024,01,AL,14.4,cents per kilowatt-hour
3968,2024,01,AL,0.0,cents per kilowatt-hour
3973,2024,01,AK,23.78,cents per kilowatt-hour
3974,2024,01,AK,0.0,cents per kilowatt-hour
3979,2023,11,VT,21.57,cents per kilowatt-hour
3980,2023,11,VT,0.0,cents per kilowatt-hour
3985,2023,11,VA,13.93,cents per kilowatt-hour
3986,2023,11,VA,9.97,cents per kilowatt-hour
3991,2023,11,WA,11.07,cents per kilowatt-hour
3992,2023,11,WA,10.02,cents per kilowatt-hour
3996,2024,01,AZ,14.11,cents per kilowatt-hour
3997,2024,01,AZ,9.95,cents per kilowatt-hour
4002,2024,01,AR,11.24,cents per kilowatt-hour
4003,2024,01,AR,12.7,cents per kilowatt-hour
4008,2024,01,CA,29.49,cents per kilowatt-hour
4009,2024,01,CA,17.06,cents per kilowatt-hour
4014,2024,01,CO,14.26,cents per kilowatt-hour
4015,2024,01,CO,9.99,cents per kilowatt-hour
4020,2024,01,CT,27.4,cents per kilowatt-hour
4021,2024,01,CT,18.36,cents per kilowatt-hour
4026,2024,01,DE,15.59,cents per kilowatt-hour
4027,2024,01,DE,0.0,cents per kilowatt-hour
4032,2024,01,DC,16.89,cents per kilowatt-hour
4033,2024,01,DC,9.86,cents per kilowatt-hour
4038,2024,01,FL,14.79,cents per kilowatt-hour
4039,2024,01,FL,11.82,cents per kilowatt-hour
4044,2024,01,GA,12.34,cents per kilowatt-hour
4045,2024,01,GA,6.29,cents per kilowatt-hour
4050,2024,01,HI,44.28,cents per kilowatt-hour
4051,2024,01,HI,0.0,cents per kilowatt-hour
4056,2024,01,ID,10.79,cents per kilowatt-hour
4057,2024,01,ID,0.0,cents per kilowatt-hour
4062,2024,01,IL,15.03,cents per kilowatt-hour
4063,2024,01,IL,10.41,cents per kilowatt-hour
4068,2023,12,WV,13.35,cents per kilowatt-hour
4069,2023,12,WV,0.0,cents per kilowatt-hour
4074,2023,12,WI,16.58,cents per kilowatt-hour
4075,2023,12,WI,17.48,cents per kilowatt-hour
4080,2023,12,WY,11.32,cents per kilowatt-hour
4081,2023,12,WY,0.0,cents per kilowatt-hour
4086,2023,12,NEW,27.52,cents per kilowatt-hour
4087,2023,12,NEW,12.72,cents per kilowatt-hour
4092,2023,12,MAT,19.36,cents per kilowatt-hour
4093,2023,12,MAT,13.77,cents per kilowatt-hour
4098,2023,12,ENC,15.93,cents per kilowatt-hour
4099,2023,12,ENC,7.43,cents per kilowatt-hour
4104,2023,12,WNC,12.06,cents per kilowatt-hour
4105,2023,12,WNC,9.58,cents per kilowatt-hour
4114,2023,12,SAT,14.14,cents per kilowatt-hour
4115,2023,12,SAT,10.25,cents per kilowatt-hour
4120,2023,12,ESC,12.86,cents per kilowatt-hour
4121,2023,12,ESC,0.0,cents per kilowatt-hour
4126,2023,12,WSC,13.48,cents per kilowatt-hour
4127,2023,12,WSC,9.11,cents per kilowatt-hour
4132,2023,12,MTN,13.44,cents per kilowatt-hour
4133,2023,12,MTN,12.12,cents per kilowatt-hour
4138,2023,12,PACC,20.7,cents per kilowatt-hour
4139,2023,12,PACC,12.54,cents per kilowatt-hour
4144,2023,12,PACN,33.46,cents per kilowatt-hour
4145,2023,12,PACN,0.0,cents per kilowatt-hour
4150,2023,12,US,15.69,cents per kilowatt-hour
4151,2023,12,US,12.34,cents per kilowatt-hour
4156,2023,06,VA,15.13,cents per kilowatt-hour
4157,2023,06,VA,10.49,cents per kilowatt-hour
4162,2023,06,WA,11.21,cents per kilowatt-hour
4163,2023,06,WA,9.95,cents per kilowatt-hour
4166,2023,01,SAT,10.66,cents per kilowatt-hour
4171,2023,01,ESC,12.95,cents per kilowatt-hour
4172,2023,01,ESC,0.0,cents per kilowatt-hour
4177,2023,01,WSC,13.38,cents per kilowatt-hour
4178,2023,01,WSC,7.3,cents per kilowatt-hour
4183,2023,01,MTN,12.81,cents per kilowatt-hour
4184,2023,01,MTN,12.29,cents per kilowatt-hour
4189,2023,01,PACC,19.48,cents per kilowatt-hour
4190,2023,01,PACC,11.43,cents per kilowatt-hour
4195,2023,01,PACN,33.38,cents per kilowatt-hour
4196,2023,01,PACN,0.0,cents per kilowatt-hour
4201,2023,01,US,15.47,cents per kilowatt-hour
4202,2023,01,US,12.54,cents per kilowatt-hour
4207,2023,02,AL,15.34,cents per kilowatt-hour
4208,2023,02,AL,0.0,cents per kilowatt-hour
4213,2023,02,AK,22.92,cents per kilowatt-hour
4214,2023,02,AK,0.0,cents per kilowatt-hour
4219,2023,02,AZ,13.12,cents per kilowatt-hour
4220,2023,02,AZ,8.88,cents per kilowatt-hour
4225,2023,02,AR,11.99,cents per kilowatt-hour
4226,2023,02,AR,14.03,cents per kilowatt-hour
4231,2023,02,CA,27.25,cents per kilowatt-hour
4232,2023,02,CA,11.96,cents per kilowatt-hour
4237,2023,02,CO,14.23,cents per kilowatt-hour
4238,2023,02,CO,13.67,cents per kilowatt-hour
4243,2023,02,CT,34.38,cents per kilowatt-hour
4244,2023,02,CT,38.63,cents per kilowatt-hour
4249,2023,02,DE,15.01,cents per kilowatt-hour
4250,2023,02,DE,0.0,cents per kilowatt-hour
4256,2024,01,PA,17.43,cents per kilowatt-hour
4257,2024,01,PA,10.07,cents per kilowatt-hour
4262,2024,01,RI,31.26,cents per kilowatt-hour
4263,2024,01,RI,20.29,cents per kilowatt-hour
4268,2024,01,SC,13.54,cents per kilowatt-hour
4269,2024,01,SC,0.0,cents per kilowatt-hour
4274,2024,01,SD,11.18,cents per kilowatt-hour
4275,2024,01,SD,0.0,cents per kilowatt-hour
4280,2024,01,TN,12.25,cents per kilowatt-hour
4281,2024,01,TN,0.0,cents per kilowatt-hour
4286,2024,01,TX,14.28,cents per kilowatt-hour
4287,2024,01,TX,6.96,cents per kilowatt-hour
4292,2024,01,UT,10.85,cents per kilowatt-hour
4293,2024,01,UT,12.07,cents per kilowatt-hour
4298,2024,01,VT,21.11,cents per kilowatt-hour
4299,2024,01,VT,0.0,cents per kilowatt-hour
4304,2024,01,VA,13.5,cents per kilowatt-hour
4305,2024,01,VA,10.03,cents per kilowatt-hour
4310,2024,01,WA,11.09,cents per kilowatt-hour
4311,2024,01,WA,9.83,cents per kilowatt-hour
4316,2024,01,WV,13.65,cents per kilowatt-hour
4317,2024,01,WV,0.0,cents per kilowatt-hour
4322,2024,01,WI,16.46,cents per kilowatt-hour
4323,2024,01,WI,20.1,cents per kilowatt-hour
4328,2024,01,WY,10.86,cents per kilowatt-hour
4329,2024,01,WY,0.0,cents per kilowatt-hour
4334,2023,04,NY,19.81,cents per kilowatt-hour
4335,2023,04,NY,14.66,cents per kilowatt-hour
4340,2023,04,NC,12.91,cents per kilowatt-hour
4341,2023,04,NC,8.03,cents per kilowatt-hour
4346,2023,04,ND,10.28,cents per kilowatt-hour
4347,2023,04,ND,0.0,cents per kilowatt-hour
4352,2023,04,OH,15.01,cents per kilowatt-hour
4353,2023,04,OH,5.58,cents per kilowatt-hour
4358,2023,04,OK,12.17,cents per kilowatt-hour
4359,2023,04,OK,0.0,cents per kilowatt-hour
4364,2023,04,OR,12.55,cents per kilowatt-hour
4365,2023,04,OR,11.46,cents per kilowatt-hour
4370,2023,04,PA,18.36,cents per kilowatt-hour
4371,2023,04,PA,8.65,cents per kilowatt-hour
4376,2024,01,NEW,27.36,cents per kilowatt-hour
4377,2024,01,NEW,13.34,cents per kilowatt-hour
4382,2024,01,MAT,19.68,cents per kilowatt-hour
4383,2024,01,MAT,13.21,cents per kilowatt-hour
4388,2024,01,ENC,15.75,cents per kilowatt-hour
4389,2024,01,ENC,10.19,cents per kilowatt-hour
4392,2023,04,KY,12.79,cents per kilowatt-hour
4393,2023,04,KY,0.0,cents per kilowatt-hour
4398,2023,04,LA,11.2,cents per kilowatt-hour
4399,2023,04,LA,10.51,cents per kilowatt-hour
4404,2023,04,ME,28.61,cents per kilowatt-hour
4405,2023,04,ME,0.0,cents per kilowatt-hour
4410,2023,04,MD,15.92,cents per kilowatt-hour
4411,2023,04,MD,11.18,cents per kilowatt-hour
4416,2023,04,MA,32.36,cents per kilowatt-hour
4417,2023,04,MA,7.5,cents per kilowatt-hour
4422,2023,04,MI,18.41,cents per kilowatt-hour
4423,2023,04,MI,13.6,cents per kilowatt-hour
4428,2023,04,MN,14.71,cents per kilowatt-hour
4429,2023,04,MN,12.44,cents per kilowatt-hour
4434,2023,04,MS,13.9,cents per kilowatt-hour
4435,2023,04,MS,0.0,cents per kilowatt-hour
4440,2023,04,MO,11.79,cents per kilowatt-hour
4441,2023,04,MO,7.88,cents per kilowatt-hour
4446,2023,04,MT,12.26,cents per kilowatt-hour
4447,2023,04,MT,0.0,cents per kilowatt-hour
4452,2023,04,NE,11.19,cents per kilowatt-hour
4453,2023,04,NE,0.0,cents per kilowatt-hour
4458,2023,04,NV,17.59,cents per kilowatt-hour
4459,2023,04,NV,13.15,cents per kilowatt-hour
4464,2023,04,NH,30.8,cents per kilowatt-hour
4465,2023,04,NH,0.0,cents per kilowatt-hour
4470,2023,04,NJ,17.37,cents per kilowatt-hour
4471,2023,04,NJ,12.48,cents per kilowatt-hour
4476,2023,04,NM,13.43,cents per kilowatt-hour
4477,2023,04,NM,0.0,cents per kilowatt-hour
4480,2023,09,ENC,7.19,cents per kilowatt-hour
4485,2023,09,WNC,13.95,cents per kilowatt-hour
4486,2023,09,WNC,13.01,cents per kilowatt-hour
4491,2023,09,SAT,14.86,cents per kilowatt-hour
4492,2023,09,SAT,9.94,cents per kilowatt-hour
4497,2023,09,ESC,12.97,cents per kilowatt-hour
4498,2023,09,ESC,0.0,cents per kilowatt-hour
4503,2023,09,WSC,13.96,cents per kilowatt-hour
4504,2023,09,WSC,7.68,cents per kilowatt-hour
4509,2023,09,MTN,14.34,cents per kilowatt-hour
4510,2023,09,MTN,13.87,cents per kilowatt-hour
4515,2023,09,PACC,24.29,cents per kilowatt-hour
4516,2023,09,PACC,14.61,cents per kilowatt-hour
4521,2023,09,PACN,34.92,cents per kilowatt-hour
4522,2023,09,PACN,0.0,cents per kilowatt-hour
4535,2024,01,WNC,11.81,cents per kilowatt-hour
4536,2024,01,WNC,9.16,cents per kilowatt-hour
4541,2024,01,SAT,13.95,cents per kilowatt-hour
4542,2024,01,SAT,10.05,cents per kilowatt-hour
4547,2024,01,ESC,12.95,cents per kilowatt-hour
4548,2024,01,ESC,0.0,cents per kilowatt-hour
4553,2024,01,WSC,13.11,cents per kilowatt-hour
4554,2024,01,WSC,8.37,cents per kilowatt-hour
4559,2024,01,MTN,13.33,cents per kilowatt-hour
4560,2024,01,MTN,10.72,cents per kilowatt-hour
4565,2024,01,PACC,21.11,cents per kilowatt-hour
4566,2024,01,PACC,16.01,cents per kilowatt-hour
4571,2024,01,PACN,34.01,cents per kilowatt-hour
4572,2024,01,PACN,0.0,cents per kilowatt-hour
4577,2024,01,US,15.47,cents per kilowatt-hour
4578,2024,01,US,12.64,cents per kilowatt-hour
4579,2023,09,US,16.27,cents per kilowatt-hour
4580,2023,09,US,14.45,cents per kilowatt-hour
4581,2023,12,SC,13.26,cents per kilowatt-hour
4582,2023,12,SC,0.0,cents per kilowatt-hour
4587,2023,12,SD,11.8,cents per kilowatt-hour
4588,2023,12,SD,0.0,cents per kilowatt-hour
4593,2023,12,TN,12.11,cents per kilowatt-hour
4594,2023,12,TN,0.0,cents per kilowatt-hour
4599,2023,12,TX,14.64,cents per kilowatt-hour
4600,2023,12,TX,8.97,cents per kilowatt-hour
4605,2023,12,UT,10.87,cents per kilowatt-hour
4606,2023,12,UT,12.08,cents per kilowatt-hour
4607,2024,01,ME,25.92,cents per kilowatt-hour
4608,2024,01,ME,0.0,cents per kilowatt-hour
4613,2024,01,MD,17.5,cents per kilowatt-hour
4614,2024,01,MD,11.19,cents per kilowatt-hour
4619,2024,01,MA,28.39,cents per kilowatt-hour
4620,2024,01,MA,9.83,cents per kilowatt-hour
4625,2024,01,MI,18.34,cents per kilowatt-hour
4626,2024,01,MI,13.78,cents per kilowatt-hour
4631,2024,01,MN,14.04,cents per kilowatt-hour
4632,2024,01,MN,11.31,cents per kilowatt-hour
4637,2024,01,MS,12.72,cents per kilowatt-hour
4638,2024,01,MS,0.0,cents per kilowatt-hour
4643,2024,01,MO,11.06,cents per kilowatt-hour
4644,2024,01,MO,7.7,cents per kilowatt-hour
4649,2024,01,MT,11.98,cents per kilowatt-hour
4650,2024,01,MT,0.0,cents per kilowatt-hour
4655,2024,01,NE,9.85,cents per kilowatt-hour
4656,2024,01,NE,0.0,cents per kilowatt-hour
4661,2024,01,NV,16.38,cents per kilowatt-hour
4662,2024,01,NV,11.88,cents per kilowatt-hour
4667,2024,01,NH,25.11,cents per kilowatt-hour
4668,2024,01,NH,0.0,cents per kilowatt-hour
4673,2024,01,NJ,17.97,cents per kilowatt-hour
4674,2024,01,NJ,11.59,cents per kilowatt-hour
4679,2024,01,NM,13.76,cents per kilowatt-hour
4680,2024,01,NM,0.0,cents per kilowatt-hour
4685,2024,01,NY,23.54,cents per kilowatt-hour
4686,2024,01,NY,14.11,cents per kilowatt-hour
4691,2024,01,NC,13.05,cents per kilowatt-hour
4692,2024,01,NC,8.97,cents per kilowatt-hour
4697,2024,01,ND,9.88,cents per kilowatt-hour
4698,2024,01,ND,0.0,cents per kilowatt-hour
4703,2024,01,OH,15.69,cents per kilowatt-hour
4704,2024,01,OH,6.59,cents per kilowatt-hour
4709,2024,01,OK,10.62,cents per kilowatt-hour
4710,2024,01,OK,0.0,cents per kilowatt-hour
4715,2024,01,OR,13.84,cents per kilowatt-hour
4716,2024,01,OR,12.19,cents per kilowatt-hour
4719,2023,09,ENC,15.99,cents per kilowatt-hour
4724,2023,01,AL,14.41,cents per kilowatt-hour
4725,2023,01,AL,0.0,cents per kilowatt-hour
4730,2023,07,AL,14.48,cents per kilowatt-hour
4731,2023,07,AL,0.0,cents per kilowatt-hour
4736,2023,07,AK,24.96,cents per kilowatt-hour
4737,2023,07,AK,0.0,cents per kilowatt-hour
4742,2023,07,AZ,14.13,cents per kilowatt-hour
4743,2023,07,AZ,11.25,cents per kilowatt-hour
4748,2023,07,AR,12.53,cents per kilowatt-hour
4749,2023,07,AR,16.13,cents per kilowatt-hour
4754,2023,07,CA,29.46,cents per kilowatt-hour
4755,2023,07,CA,13.2,cents per kilowatt-hour
4760,2023,07,CO,14.14,cents per kilowatt-hour
4761,2023,07,CO,14.15,cents per kilowatt-hour
4766,2023,07,CT,26.63,cents per kilowatt-hour
4767,2023,07,CT,22.48,cents per kilowatt-hour
4772,2023,07,DE,15.09,cents per kilowatt-hour
4773,2023,07,DE,0.0,cents per kilowatt-hour
4778,2023,07,DC,16.61,cents per kilowatt-hour
4779,2023,07,DC,9.19,cents per kilowatt-hour
4784,2023,07,FL,14.94,cents per kilowatt-hour
4785,2023,07,FL,11.16,cents per kilowatt-hour
4790,2023,07,GA,14.33,cents per kilowatt-hour
4791,2023,07,GA,8.39,cents per kilowatt-hour
4796,2023,07,HI,39.7,cents per kilowatt-hour
4797,2023,07,HI,0.0,cents per kilowatt-hour
4802,2023,07,ID,11.76,cents per kilowatt-hour
4803,2023,07,ID,0.0,cents per kilowatt-hour
4808,2023,07,IL,14.81,cents per kilowatt-hour
4809,2023,07,IL,6.78,cents per kilowatt-hour
4814,2023,07,IN,14.47,cents per kilowatt-hour
4815,2023,07,IN,10.62,cents per kilowatt-hour
4820,2023,07,IA,15.17,cents per kilowatt-hour
4821,2023,07,IA,0.0,cents per kilowatt-hour
4826,2023,07,KS,13.48,cents per kilowatt-hour
4827,2023,07,KS,0.0,cents per kilowatt-hour
4832,2023,07,KY,12.51,cents per kilowatt-hour
4833,2023,07,KY,0.0,cents per kilowatt-hour
