{
  "inputs": {
    "sales_tabular": "data/raw/electricity_sales.csv",
    "capability_json": "data/raw/electricity_capability_nested.json"
  },
  "transforms": {
    "sales": {
      "period_col": "period",
      "dropna": [
        "price"
      ],
      "filters": {
        "sectorname": [
          "residential",
          "transportation"
        ]
      },
      "select": [
        "year",
        "month",
        "stateid",
        "price",
        "price-units"
      ],
      "required_cols": [
        "period",
        "stateid",
        "sectorname",
        "price",
        "price-units"
      ]
    }
  },
  "outputs": {
    "sales_curated": "data/curated/electricity_sales.csv",
    "capability_flat": "data/curated/electricity_capability.parquet"
  }
}